RequestID,GuestID,BookingID,PropertyID,RequestedDate,Department,Category,Description,Priority,Status,AssignedTo,CompletedDate,ResponseMinutes,ResolutionNotes,GuestSatisfied
SR-0010000,G-0007009,BK-0014272,P-002,2022-08-11T16:22:00,Front Desk,Luggage Storage,Luggage Storage request during stay at Contoso P-002.,High,Completed,,2022-08-11T16:50:00,18,,
SR-0010001,G-0006009,BK-0020657,P-003,2023-06-24T21:25:00,F&B,In-Room Dining Order,In-Room Dining Order request during stay at Contoso P-003.,Low,Cancelled,,,,,
SR-0010002,G-0005686,BK-0020221,P-003,2023-01-16T13:33:00,F&B,Mini Bar Restock,Mini Bar Restock request during stay at Contoso P-003.,Medium,Completed,,2023-01-16T15:44:00,71,,1
SR-0010003,G-0006227,BK-0016550,P-001,2022-03-22T08:50:00,Engineering,Safe Not Opening,Safe Not Opening request during stay at Contoso P-001.,Medium,Completed,,2022-03-22T09:33:00,26,,1
SR-0010004,G-0007858,BK-0016279,P-003,2024-07-22T19:04:00,Engineering,TV Not Working,TV Not Working request during stay at Contoso P-003.,Medium,Cancelled,,,,,
SR-0010005,G-0007631,BK-0011767,P-003,2024-05-13T20:24:00,Engineering,TV Not Working,TV Not Working request during stay at Contoso P-003.,Medium,Completed,,2024-05-13T21:52:00,38,,1
SR-0010006,G-0004663,BK-0017528,P-005,2022-06-13T10:31:00,Housekeeping,Crib Setup,Crib Setup request during stay at Contoso P-005.,Urgent,Completed,,2022-06-13T11:37:00,8,,1
SR-0010007,G-0008813,BK-0021289,P-004,2025-11-22T16:44:00,Guest Services,Concierge Booking,Concierge Booking request during stay at Contoso P-004.,Low,Cancelled,,,,,
SR-0010008,G-0004392,BK-0012058,P-002,2024-11-22T18:34:00,Guest Services,Package Delivery,Package Delivery request during stay at Contoso P-002.,Medium,InProgress,,,86,,
SR-0010009,G-0008681,BK-0013816,P-002,2023-07-03T20:45:00,Engineering,TV Not Working,TV Not Working request during stay at Contoso P-002.,Low,Completed,,2023-07-03T21:52:00,57,,1
SR-0010010,G-0004396,BK-0015822,P-003,2024-10-25T12:47:00,Front Desk,Extra Key Card,Extra Key Card request during stay at Contoso P-003.,Low,Completed,,2024-10-25T15:14:00,87,,1
SR-0010011,G-0007728,BK-0016538,P-003,2023-07-23T22:28:00,Housekeeping,Extra Linens,Extra Linens request during stay at Contoso P-003.,High,Completed,,2023-07-24T00:10:00,62,,1
SR-0010012,G-0006160,BK-0020560,P-003,2024-08-07T17:06:00,Engineering,Noise from HVAC,Noise from HVAC request during stay at Contoso P-003.,Medium,Cancelled,,,,,
SR-0010013,G-0005004,BK-0013274,P-005,2024-07-22T16:20:00,Engineering,AC Issue,AC Issue request during stay at Contoso P-005.,Medium,InProgress,,,71,,
SR-0010014,G-0005024,BK-0010914,P-002,2024-07-12T21:41:00,Housekeeping,Extra Pillows,Extra Pillows request during stay at Contoso P-002.,Medium,InProgress,,,59,,
SR-0010015,G-0004073,BK-0019854,P-003,2023-12-15T15:08:00,F&B,Mini Bar Restock,Mini Bar Restock request during stay at Contoso P-003.,Medium,Completed,,2023-12-15T16:22:00,28,,1
SR-0010016,G-0004452,BK-0016818,P-002,2023-02-22T09:21:00,Front Desk,Luggage Storage,Luggage Storage request during stay at Contoso P-002.,Low,Completed,,2023-02-22T11:25:00,89,,
SR-0010017,G-0008679,BK-0013264,P-003,2022-07-20T08:36:00,Housekeeping,Housekeeping Turndown,Housekeeping Turndown request during stay at Contoso P-003.,Medium,Completed,,2022-07-20T09:49:00,42,,1
SR-0010018,G-0007822,BK-0016850,P-005,2022-03-14T12:50:00,Engineering,TV Not Working,TV Not Working request during stay at Contoso P-005.,Medium,Completed,,2022-03-14T14:37:00,85,,1
SR-0010019,G-0005953,BK-0021390,P-003,2025-01-01T22:07:00,F&B,In-Room Dining Order,In-Room Dining Order request during stay at Contoso P-003.,Medium,Completed,,2025-01-01T23:40:00,67,,1
SR-0010020,G-0004993,BK-0019021,P-002,2023-02-27T09:51:00,Engineering,Light Bulb Out,Light Bulb Out request during stay at Contoso P-002.,High,InProgress,,,75,,
SR-0010021,G-0007397,BK-0018425,P-004,2024-02-29T11:40:00,Engineering,TV Not Working,TV Not Working request during stay at Contoso P-004.,Low,Completed,,2024-02-29T13:25:00,66,,1
SR-0010022,G-0007966,BK-0018155,P-001,2024-08-11T20:48:00,Engineering,TV Not Working,TV Not Working request during stay at Contoso P-001.,Medium,Cancelled,,,,,
SR-0010023,G-0008128,BK-0017013,P-003,2023-06-29T14:07:00,F&B,Room Service,Room Service request during stay at Contoso P-003.,High,Completed,,2023-06-29T14:44:00,26,,
SR-0010024,G-0004194,BK-0012284,P-002,2024-08-13T22:05:00,F&B,In-Room Dining Order,In-Room Dining Order request during stay at Contoso P-002.,Medium,Completed,,2024-08-13T22:47:00,34,,1
SR-0010025,G-0007226,BK-0014302,P-002,2022-05-14T07:06:00,Housekeeping,Deep Clean Request,Deep Clean Request request during stay at Contoso P-002.,High,Cancelled,,,,,
SR-0010026,G-0005966,BK-0016986,P-003,2025-08-26T21:30:00,Housekeeping,Deep Clean Request,Deep Clean Request request during stay at Contoso P-003.,Urgent,InProgress,,,8,,
SR-0010027,G-0005793,BK-0013396,P-001,2026-02-15T15:39:00,Housekeeping,Crib Setup,Crib Setup request during stay at Contoso P-001.,Medium,Completed,,2026-02-15T17:21:00,83,,1
SR-0010028,G-0007277,BK-0013946,P-002,2024-11-13T13:46:00,Front Desk,Room Change,Room Change request during stay at Contoso P-002.,Urgent,Cancelled,,,,,
SR-0010029,G-0007577,BK-0012473,P-002,2022-09-05T08:00:00,Engineering,Plumbing Issue,Plumbing Issue request during stay at Contoso P-002.,Medium,Completed,,2022-09-05T09:08:00,27,,1
SR-0010030,G-0008013,BK-0017353,P-003,2023-04-22T21:06:00,Engineering,Plumbing Issue,Plumbing Issue request during stay at Contoso P-003.,Low,Completed,,2023-04-22T23:00:00,88,,
SR-0010031,G-0008310,BK-0012771,P-004,2023-11-02T12:40:00,F&B,Room Service,Room Service request during stay at Contoso P-004.,Low,Completed,,2023-11-02T14:02:00,71,,1
SR-0010032,G-0008111,BK-0020950,P-003,2022-11-28T07:43:00,Front Desk,Extra Key Card,Extra Key Card request during stay at Contoso P-003.,Low,InProgress,,,41,,
SR-0010033,G-0005395,BK-0021280,P-001,2022-08-23T07:44:00,Front Desk,Extra Key Card,Extra Key Card request during stay at Contoso P-001.,Medium,Completed,,2022-08-23T09:32:00,81,,1
SR-0010034,G-0006877,BK-0013641,P-002,2023-04-10T13:34:00,Engineering,Safe Not Opening,Safe Not Opening request during stay at Contoso P-002.,Medium,Completed,,2023-04-10T15:14:00,45,,1
SR-0010035,G-0004644,BK-0011990,P-001,2023-04-04T19:59:00,Front Desk,Room Change,Room Change request during stay at Contoso P-001.,Low,Completed,,2023-04-04T21:28:00,47,,1
SR-0010036,G-0006631,BK-0010924,P-002,2023-10-22T21:20:00,Engineering,TV Not Working,TV Not Working request during stay at Contoso P-002.,Medium,Completed,,2023-10-22T22:51:00,34,,
SR-0010037,G-0005718,BK-0017417,P-001,2022-10-03T16:22:00,Guest Services,Special Occasion Setup,Special Occasion Setup request during stay at Contoso P-001.,Medium,InProgress,,,67,,
SR-0010038,G-0007890,BK-0020333,P-005,2023-08-03T14:40:00,Engineering,Plumbing Issue,Plumbing Issue request during stay at Contoso P-005.,Medium,Completed,,2023-08-03T15:56:00,67,,1
SR-0010039,G-0008436,BK-0021745,P-004,2022-11-15T14:13:00,Engineering,TV Not Working,TV Not Working request during stay at Contoso P-004.,Low,Completed,,2022-11-15T16:50:00,105,,
SR-0010040,G-0008590,BK-0018271,P-003,2025-10-19T22:20:00,Engineering,AC Issue,AC Issue request during stay at Contoso P-003.,High,Completed,,2025-10-20T00:15:00,59,,1
SR-0010041,G-0008678,BK-0019078,P-003,2025-08-22T21:32:00,Guest Services,Special Occasion Setup,Special Occasion Setup request during stay at Contoso P-003.,Low,Completed,,2025-08-22T23:09:00,39,,1
SR-0010042,G-0005895,BK-0017841,P-003,2022-05-20T21:03:00,F&B,Special Dietary Request,Special Dietary Request request during stay at Contoso P-003.,Medium,Completed,,2022-05-20T22:37:00,71,,1
SR-0010043,G-0008942,BK-0012729,P-003,2022-12-03T15:09:00,F&B,Room Service,Room Service request during stay at Contoso P-003.,Low,Completed,,2022-12-03T15:53:00,32,,1
SR-0010044,G-0004921,BK-0012643,P-005,2023-08-21T22:57:00,Guest Services,Transportation Request,Transportation Request request during stay at Contoso P-005.,Medium,Completed,,2023-08-22T00:23:00,41,,
SR-0010045,G-0005159,BK-0016955,P-003,2026-02-01T13:29:00,Front Desk,Early Check-In,Early Check-In request during stay at Contoso P-003.,Low,Completed,,2026-02-01T15:57:00,112,,1
SR-0010046,G-0004052,BK-0016398,P-001,2025-12-21T12:59:00,Housekeeping,Extra Linens,Extra Linens request during stay at Contoso P-001.,Medium,Completed,,2025-12-21T15:17:00,78,,1
SR-0010047,G-0006211,BK-0013124,P-003,2024-01-29T18:41:00,Guest Services,Concierge Booking,Concierge Booking request during stay at Contoso P-003.,Low,Completed,,2024-01-29T21:11:00,112,,1
SR-0010048,G-0004740,BK-0020826,P-002,2023-02-21T09:00:00,Housekeeping,Deep Clean Request,Deep Clean Request request during stay at Contoso P-002.,Urgent,Cancelled,,,,,
SR-0010049,G-0008903,BK-0018133,P-003,2024-02-29T17:27:00,Housekeeping,Extra Towels,Extra Towels request during stay at Contoso P-003.,High,Completed,,2024-02-29T18:20:00,18,,1
SR-0010050,G-0005537,BK-0017565,P-004,2023-03-29T14:04:00,Engineering,Light Bulb Out,Light Bulb Out request during stay at Contoso P-004.,Low,InProgress,,,42,,
SR-0010051,G-0004903,BK-0019780,P-002,2025-04-30T20:02:00,Front Desk,Late Checkout,Late Checkout request during stay at Contoso P-002.,Urgent,InProgress,,,8,,
SR-0010052,G-0007400,BK-0017200,P-003,2024-03-11T21:55:00,Housekeeping,Extra Linens,Extra Linens request during stay at Contoso P-003.,Low,Cancelled,,,,,
SR-0010053,G-0004755,BK-0012792,P-001,2024-05-18T11:05:00,F&B,Mini Bar Restock,Mini Bar Restock request during stay at Contoso P-001.,Low,Completed,,2024-05-18T13:21:00,90,,
SR-0010054,G-0008898,BK-0016060,P-003,2023-07-16T10:22:00,Housekeeping,Housekeeping Turndown,Housekeeping Turndown request during stay at Contoso P-003.,Medium,Completed,,2023-07-16T11:55:00,49,,1
SR-0010055,G-0006225,BK-0018998,P-001,2025-03-11T12:30:00,Front Desk,Extra Key Card,Extra Key Card request during stay at Contoso P-001.,Low,Completed,,2025-03-11T14:55:00,87,,
SR-0010056,G-0008945,BK-0017868,P-004,2023-03-27T07:43:00,Engineering,Noise from HVAC,Noise from HVAC request during stay at Contoso P-004.,Medium,Completed,,2023-03-27T08:56:00,36,,1
SR-0010057,G-0007734,BK-0015038,P-002,2023-09-09T18:48:00,Engineering,TV Not Working,TV Not Working request during stay at Contoso P-002.,Urgent,Completed,,2023-09-09T19:40:00,42,,1
SR-0010058,G-0004936,BK-0016496,P-004,2025-10-17T08:15:00,Engineering,Noise from HVAC,Noise from HVAC request during stay at Contoso P-004.,Medium,InProgress,,,40,,
SR-0010059,G-0008911,BK-0020064,P-004,2024-08-13T12:38:00,Front Desk,Late Checkout,Late Checkout request during stay at Contoso P-004.,Low,Completed,,2024-08-13T14:57:00,117,,
SR-0010060,G-0006963,BK-0016282,P-003,2025-12-18T18:53:00,F&B,Coffee Setup,Coffee Setup request during stay at Contoso P-003.,High,Completed,,2025-12-18T19:49:00,25,,
SR-0010061,G-0004062,BK-0020818,P-003,2025-11-13T15:56:00,Guest Services,Transportation Request,Transportation Request request during stay at Contoso P-003.,Low,Completed,,2025-11-13T17:30:00,71,,1
SR-0010062,G-0008126,BK-0015455,P-002,2025-05-28T13:59:00,Housekeeping,Extra Linens,Extra Linens request during stay at Contoso P-002.,Medium,InProgress,,,28,,
SR-0010063,G-0006417,BK-0013786,P-003,2025-04-02T07:41:00,Housekeeping,Extra Linens,Extra Linens request during stay at Contoso P-003.,High,Cancelled,,,,,
SR-0010064,G-0008553,BK-0015754,P-003,2023-05-17T20:19:00,Housekeeping,Housekeeping Turndown,Housekeeping Turndown request during stay at Contoso P-003.,Low,Completed,,2023-05-17T21:57:00,59,,
SR-0010065,G-0004929,BK-0015246,P-001,2025-06-30T10:09:00,Front Desk,Early Check-In,Early Check-In request during stay at Contoso P-001.,Medium,Completed,,2025-06-30T11:00:00,24,,1
SR-0010066,G-0008540,BK-0014766,P-002,2025-12-08T10:19:00,Engineering,Plumbing Issue,Plumbing Issue request during stay at Contoso P-002.,Low,Completed,,2025-12-08T12:39:00,84,,1
SR-0010067,G-0008174,BK-0014869,P-005,2023-09-26T09:34:00,F&B,Coffee Setup,Coffee Setup request during stay at Contoso P-005.,Low,Cancelled,,,,,
SR-0010068,G-0005914,BK-0017848,P-005,2025-10-21T20:18:00,F&B,Mini Bar Restock,Mini Bar Restock request during stay at Contoso P-005.,Low,Completed,,2025-10-21T23:01:00,108,,1
SR-0010069,G-0004990,BK-0021832,P-004,2023-02-16T17:38:00,Housekeeping,Extra Towels,Extra Towels request during stay at Contoso P-004.,Low,Completed,,2023-02-16T19:02:00,56,,1
SR-0010070,G-0006147,BK-0016118,P-005,2024-08-25T17:40:00,Housekeeping,Extra Towels,Extra Towels request during stay at Contoso P-005.,Low,InProgress,,,95,,
SR-0010071,G-0006795,BK-0020073,P-003,2025-07-25T19:19:00,Housekeeping,Crib Setup,Crib Setup request during stay at Contoso P-003.,Medium,Cancelled,,,,,
SR-0010072,G-0005023,BK-0015690,P-003,2024-02-15T18:15:00,Housekeeping,Extra Linens,Extra Linens request during stay at Contoso P-003.,Low,InProgress,,,72,,
SR-0010073,G-0007523,BK-0011651,P-002,2025-02-24T09:14:00,Engineering,Light Bulb Out,Light Bulb Out request during stay at Contoso P-002.,Medium,Completed,,2025-02-24T10:35:00,70,,1
SR-0010074,G-0007861,BK-0015659,P-003,2022-07-06T09:58:00,Housekeeping,Extra Linens,Extra Linens request during stay at Contoso P-003.,Medium,InProgress,,,20,,
SR-0010075,G-0005475,BK-0017248,P-002,2025-10-01T07:16:00,Engineering,Noise from HVAC,Noise from HVAC request during stay at Contoso P-002.,High,Completed,,2025-10-01T08:32:00,65,,1
SR-0010076,G-0006740,BK-0018460,P-002,2025-10-18T15:46:00,Housekeeping,Extra Pillows,Extra Pillows request during stay at Contoso P-002.,Medium,Completed,,2025-10-18T17:34:00,90,,1
SR-0010077,G-0005275,BK-0018985,P-005,2025-01-15T15:29:00,Housekeeping,Crib Setup,Crib Setup request during stay at Contoso P-005.,Medium,Completed,,2025-01-15T16:41:00,47,,1
SR-0010078,G-0006770,BK-0014700,P-003,2023-04-22T19:45:00,Housekeeping,Deep Clean Request,Deep Clean Request request during stay at Contoso P-003.,Medium,InProgress,,,56,,
SR-0010079,G-0007501,BK-0016567,P-005,2022-11-05T08:46:00,F&B,Special Dietary Request,Special Dietary Request request during stay at Contoso P-005.,Low,Completed,,2022-11-05T10:28:00,56,,1
SR-0010080,G-0008529,BK-0016548,P-003,2025-08-11T22:26:00,Engineering,Safe Not Opening,Safe Not Opening request during stay at Contoso P-003.,Medium,InProgress,,,80,,
SR-0010081,G-0008906,BK-0011339,P-002,2023-12-08T12:40:00,Guest Services,Special Occasion Setup,Special Occasion Setup request during stay at Contoso P-002.,Low,Completed,,2023-12-08T13:51:00,48,,1
SR-0010082,G-0006107,BK-0014821,P-001,2025-09-17T18:02:00,Front Desk,Luggage Storage,Luggage Storage request during stay at Contoso P-001.,Low,Completed,,2025-09-17T20:01:00,99,,1
SR-0010083,G-0004208,BK-0016448,P-005,2025-03-15T16:05:00,F&B,Special Dietary Request,Special Dietary Request request during stay at Contoso P-005.,Low,InProgress,,,89,,
SR-0010084,G-0005613,BK-0020524,P-004,2022-04-25T15:51:00,Front Desk,Luggage Storage,Luggage Storage request during stay at Contoso P-004.,Medium,Completed,,2022-04-25T17:37:00,90,,1
SR-0010085,G-0006759,BK-0013680,P-003,2023-04-30T22:39:00,Engineering,Plumbing Issue,Plumbing Issue request during stay at Contoso P-003.,Medium,Completed,,2023-05-01T00:13:00,42,,1
SR-0010086,G-0008406,BK-0019532,P-003,2024-10-04T12:51:00,Engineering,Light Bulb Out,Light Bulb Out request during stay at Contoso P-003.,Low,InProgress,,,34,,
SR-0010087,G-0005386,BK-0010729,P-002,2022-07-19T13:06:00,Front Desk,Extra Key Card,Extra Key Card request during stay at Contoso P-002.,Low,Cancelled,,,,,
SR-0010088,G-0004793,BK-0021036,P-002,2024-08-06T18:04:00,Housekeeping,Extra Pillows,Extra Pillows request during stay at Contoso P-002.,High,Completed,,2024-08-06T20:10:00,72,,
SR-0010089,G-0006357,BK-0013255,P-004,2023-04-20T07:28:00,Guest Services,Package Delivery,Package Delivery request during stay at Contoso P-004.,High,Completed,,2023-04-20T09:12:00,76,,
SR-0010090,G-0004553,BK-0010127,P-005,2026-01-19T13:24:00,Housekeeping,Extra Pillows,Extra Pillows request during stay at Contoso P-005.,Medium,Completed,,2026-01-19T14:08:00,24,,1
SR-0010091,G-0007814,BK-0017017,P-002,2022-05-03T18:31:00,F&B,In-Room Dining Order,In-Room Dining Order request during stay at Contoso P-002.,Medium,Completed,,2022-05-03T20:47:00,85,,1
SR-0010092,G-0004972,BK-0019201,P-005,2023-07-16T13:22:00,F&B,In-Room Dining Order,In-Room Dining Order request during stay at Contoso P-005.,High,Completed,,2023-07-16T14:37:00,30,,
SR-0010093,G-0008350,BK-0014244,P-003,2025-10-17T10:51:00,Housekeeping,Housekeeping Turndown,Housekeeping Turndown request during stay at Contoso P-003.,Medium,Completed,,2025-10-17T12:43:00,64,,1
SR-0010094,G-0007337,BK-0014173,P-004,2025-09-14T21:44:00,F&B,In-Room Dining Order,In-Room Dining Order request during stay at Contoso P-004.,Urgent,Completed,,2025-09-14T22:59:00,38,,1
SR-0010095,G-0005571,BK-0011918,P-002,2024-12-19T19:45:00,F&B,Coffee Setup,Coffee Setup request during stay at Contoso P-002.,Low,Completed,,2024-12-19T21:07:00,59,,1
SR-0010096,G-0008605,BK-0021291,P-004,2025-12-14T11:41:00,F&B,Special Dietary Request,Special Dietary Request request during stay at Contoso P-004.,Urgent,Completed,,2025-12-14T12:32:00,18,,1
SR-0010097,G-0006125,BK-0015178,P-003,2024-04-12T19:37:00,Housekeeping,Crib Setup,Crib Setup request during stay at Contoso P-003.,Low,Completed,,2024-04-12T21:30:00,77,,
SR-0010098,G-0008956,BK-0016301,P-002,2023-08-21T19:41:00,Guest Services,Special Occasion Setup,Special Occasion Setup request during stay at Contoso P-002.,High,Completed,,2023-08-21T21:19:00,65,,1
SR-0010099,G-0005948,BK-0021182,P-002,2025-11-22T09:51:00,Front Desk,Luggage Storage,Luggage Storage request during stay at Contoso P-002.,Medium,Completed,,2025-11-22T11:19:00,48,,1
SR-0010100,G-0004037,BK-0011841,P-003,2026-01-08T11:14:00,Front Desk,Luggage Storage,Luggage Storage request during stay at Contoso P-003.,High,Completed,,2026-01-08T11:58:00,25,,1
SR-0010101,G-0005103,BK-0014040,P-003,2022-08-30T19:03:00,Front Desk,Early Check-In,Early Check-In request during stay at Contoso P-003.,Urgent,Completed,,2022-08-30T20:08:00,25,,1
SR-0010102,G-0005577,BK-0021517,P-003,2023-11-24T08:51:00,F&B,Mini Bar Restock,Mini Bar Restock request during stay at Contoso P-003.,Medium,InProgress,,,35,,
SR-0010103,G-0004616,BK-0011734,P-003,2024-08-03T09:29:00,Engineering,Light Bulb Out,Light Bulb Out request during stay at Contoso P-003.,Low,Cancelled,,,,,
SR-0010104,G-0007746,BK-0011715,P-002,2022-10-11T18:29:00,Front Desk,Early Check-In,Early Check-In request during stay at Contoso P-002.,High,Completed,,2022-10-11T19:42:00,35,,1
SR-0010105,G-0006742,BK-0016960,P-003,2022-06-16T19:14:00,Guest Services,Special Occasion Setup,Special Occasion Setup request during stay at Contoso P-003.,High,Completed,,2022-06-16T20:52:00,55,,1
SR-0010106,G-0007200,BK-0018493,P-004,2025-12-11T08:22:00,Engineering,Noise from HVAC,Noise from HVAC request during stay at Contoso P-004.,Low,Cancelled,,,,,
SR-0010107,G-0005769,BK-0010931,P-002,2023-09-22T15:17:00,Housekeeping,Crib Setup,Crib Setup request during stay at Contoso P-002.,Medium,Completed,,2023-09-22T16:32:00,36,,1
SR-0010108,G-0007703,BK-0011396,P-004,2024-10-11T08:58:00,Guest Services,Concierge Booking,Concierge Booking request during stay at Contoso P-004.,Medium,InProgress,,,36,,
SR-0010109,G-0007927,BK-0017951,P-001,2024-07-27T07:48:00,Engineering,AC Issue,AC Issue request during stay at Contoso P-001.,High,Completed,,2024-07-27T09:32:00,72,,
SR-0010110,G-0005483,BK-0021146,P-001,2023-10-14T11:27:00,F&B,Special Dietary Request,Special Dietary Request request during stay at Contoso P-001.,Medium,Cancelled,,,,,
SR-0010111,G-0008632,BK-0013685,P-002,2024-03-21T13:14:00,Housekeeping,Crib Setup,Crib Setup request during stay at Contoso P-002.,Medium,Completed,,2024-03-21T14:44:00,71,,1
SR-0010112,G-0006896,BK-0020647,P-001,2025-06-18T10:01:00,Front Desk,Room Change,Room Change request during stay at Contoso P-001.,Low,Completed,,2025-06-18T11:12:00,57,,1
SR-0010113,G-0007635,BK-0010802,P-003,2025-02-07T13:57:00,F&B,In-Room Dining Order,In-Room Dining Order request during stay at Contoso P-003.,Medium,Cancelled,,,,,
SR-0010114,G-0007802,BK-0015994,P-003,2025-04-08T15:41:00,Front Desk,Room Change,Room Change request during stay at Contoso P-003.,Urgent,Completed,,2025-04-08T16:14:00,8,,1
SR-0010115,G-0007522,BK-0013822,P-005,2023-09-27T20:35:00,Guest Services,Transportation Request,Transportation Request request during stay at Contoso P-005.,Low,Cancelled,,,,,
SR-0010116,G-0005371,BK-0015889,P-005,2024-10-11T18:00:00,Engineering,Safe Not Opening,Safe Not Opening request during stay at Contoso P-005.,Low,Completed,,2024-10-11T20:14:00,101,,1
SR-0010117,G-0008743,BK-0010667,P-002,2023-06-24T13:44:00,F&B,Room Service,Room Service request during stay at Contoso P-002.,Low,Completed,,2023-06-24T15:36:00,88,,
SR-0010118,G-0005396,BK-0014680,P-002,2023-05-28T22:51:00,Front Desk,Early Check-In,Early Check-In request during stay at Contoso P-002.,High,Completed,,2023-05-28T23:44:00,34,,1
SR-0010119,G-0007171,BK-0021180,P-005,2022-07-01T12:51:00,F&B,In-Room Dining Order,In-Room Dining Order request during stay at Contoso P-005.,Medium,Completed,,2022-07-01T14:22:00,44,,1
SR-0010120,G-0008529,BK-0021556,P-005,2023-03-01T21:42:00,Front Desk,Luggage Storage,Luggage Storage request during stay at Contoso P-005.,Medium,Completed,,2023-03-01T22:58:00,58,,1
SR-0010121,G-0008475,BK-0018472,P-004,2025-06-24T11:57:00,Housekeeping,Extra Linens,Extra Linens request during stay at Contoso P-004.,High,Cancelled,,,,,
SR-0010122,G-0004041,BK-0013494,P-002,2022-03-09T17:55:00,Engineering,Safe Not Opening,Safe Not Opening request during stay at Contoso P-002.,Low,InProgress,,,48,,
SR-0010123,G-0005764,BK-0017576,P-001,2025-07-07T20:06:00,Front Desk,Luggage Storage,Luggage Storage request during stay at Contoso P-001.,High,Completed,,2025-07-07T20:54:00,33,,1
SR-0010124,G-0006923,BK-0016872,P-002,2026-01-08T16:44:00,Guest Services,Concierge Booking,Concierge Booking request during stay at Contoso P-002.,Low,Cancelled,,,,,
SR-0010125,G-0007907,BK-0014886,P-002,2024-05-24T14:23:00,Guest Services,Package Delivery,Package Delivery request during stay at Contoso P-002.,Low,Completed,,2024-05-24T16:20:00,67,,1
SR-0010126,G-0008255,BK-0015398,P-001,2022-05-13T11:25:00,Engineering,AC Issue,AC Issue request during stay at Contoso P-001.,Medium,Completed,,2022-05-13T13:35:00,71,,1
SR-0010127,G-0007169,BK-0013945,P-003,2024-06-08T09:21:00,Engineering,Safe Not Opening,Safe Not Opening request during stay at Contoso P-003.,Low,Completed,,2024-06-08T11:54:00,108,,1
SR-0010128,G-0005520,BK-0017770,P-003,2025-10-21T07:08:00,Engineering,Safe Not Opening,Safe Not Opening request during stay at Contoso P-003.,Urgent,InProgress,,,32,,
SR-0010129,G-0006788,BK-0017698,P-005,2023-03-27T10:18:00,Housekeeping,Extra Towels,Extra Towels request during stay at Contoso P-005.,Low,Completed,,2023-03-27T11:41:00,51,,1
SR-0010130,G-0008152,BK-0015866,P-004,2023-08-22T20:43:00,Engineering,Plumbing Issue,Plumbing Issue request during stay at Contoso P-004.,Medium,Completed,,2023-08-22T22:01:00,29,,1
SR-0010131,G-0006500,BK-0018022,P-002,2023-01-26T12:27:00,Engineering,Noise from HVAC,Noise from HVAC request during stay at Contoso P-002.,Low,Completed,,2023-01-26T14:11:00,67,,1
SR-0010132,G-0007642,BK-0020590,P-004,2023-09-12T16:25:00,Housekeeping,Extra Towels,Extra Towels request during stay at Contoso P-004.,Medium,Completed,,2023-09-12T18:31:00,75,,1
SR-0010133,G-0006866,BK-0015331,P-005,2026-01-01T12:23:00,F&B,Special Dietary Request,Special Dietary Request request during stay at Contoso P-005.,Medium,Cancelled,,,,,
SR-0010134,G-0004508,BK-0020359,P-003,2025-07-13T15:54:00,Housekeeping,Extra Towels,Extra Towels request during stay at Contoso P-003.,Low,InProgress,,,72,,
SR-0010135,G-0006966,BK-0021781,P-004,2024-06-21T09:59:00,Guest Services,Special Occasion Setup,Special Occasion Setup request during stay at Contoso P-004.,High,Completed,,2024-06-21T11:21:00,61,,1
SR-0010136,G-0006463,BK-0011903,P-002,2022-04-23T07:10:00,Engineering,Safe Not Opening,Safe Not Opening request during stay at Contoso P-002.,Low,Cancelled,,,,,
SR-0010137,G-0006834,BK-0013621,P-004,2024-01-30T22:12:00,Housekeeping,Housekeeping Turndown,Housekeeping Turndown request during stay at Contoso P-004.,Medium,Completed,,2024-01-31T00:25:00,83,,
SR-0010138,G-0007064,BK-0012865,P-004,2023-01-21T13:56:00,Engineering,AC Issue,AC Issue request during stay at Contoso P-004.,Low,Completed,,2023-01-21T16:06:00,89,,1
SR-0010139,G-0004351,BK-0010328,P-003,2025-04-09T16:21:00,Housekeeping,Extra Towels,Extra Towels request during stay at Contoso P-003.,Low,Completed,,2025-04-09T18:08:00,67,,1
SR-0010140,G-0005159,BK-0020521,P-003,2022-07-07T12:18:00,Housekeeping,Crib Setup,Crib Setup request during stay at Contoso P-003.,Low,Completed,,2022-07-07T12:56:00,31,,1
SR-0010141,G-0004690,BK-0016784,P-004,2025-07-01T08:02:00,F&B,Coffee Setup,Coffee Setup request during stay at Contoso P-004.,Medium,InProgress,,,39,,
SR-0010142,G-0004428,BK-0016981,P-003,2022-10-12T18:33:00,Engineering,Plumbing Issue,Plumbing Issue request during stay at Contoso P-003.,Medium,Cancelled,,,,,
SR-0010143,G-0005083,BK-0010076,P-005,2023-11-06T15:37:00,F&B,Coffee Setup,Coffee Setup request during stay at Contoso P-005.,Medium,Completed,,2023-11-06T16:28:00,35,,1
SR-0010144,G-0006688,BK-0011538,P-001,2025-06-02T21:08:00,Housekeeping,Extra Linens,Extra Linens request during stay at Contoso P-001.,High,Completed,,2025-06-02T22:54:00,76,,1
SR-0010145,G-0004121,BK-0015346,P-003,2024-09-27T21:00:00,Guest Services,Concierge Booking,Concierge Booking request during stay at Contoso P-003.,Low,Completed,,2024-09-27T22:52:00,104,,1
SR-0010146,G-0005300,BK-0017892,P-002,2025-08-03T22:34:00,Housekeeping,Extra Towels,Extra Towels request during stay at Contoso P-002.,Low,Completed,,2025-08-04T00:45:00,104,,1
SR-0010147,G-0005100,BK-0012242,P-003,2023-08-15T08:31:00,F&B,Special Dietary Request,Special Dietary Request request during stay at Contoso P-003.,Medium,Completed,,2023-08-15T09:28:00,24,,1
SR-0010148,G-0004757,BK-0021370,P-004,2024-10-07T11:59:00,Front Desk,Room Change,Room Change request during stay at Contoso P-004.,Low,Completed,,2024-10-07T13:27:00,63,,1
SR-0010149,G-0006780,BK-0021072,P-002,2025-08-15T10:04:00,F&B,Coffee Setup,Coffee Setup request during stay at Contoso P-002.,Medium,Cancelled,,,,,
SR-0010150,G-0007987,BK-0020479,P-002,2025-10-30T14:10:00,Housekeeping,Extra Linens,Extra Linens request during stay at Contoso P-002.,High,Completed,,2025-10-30T15:35:00,39,,1
SR-0010151,G-0006090,BK-0015660,P-002,2022-05-12T22:32:00,Front Desk,Late Checkout,Late Checkout request during stay at Contoso P-002.,Low,Completed,,2022-05-13T01:07:00,103,,1
SR-0010152,G-0008172,BK-0020104,P-005,2023-03-14T09:55:00,Engineering,TV Not Working,TV Not Working request during stay at Contoso P-005.,Medium,Cancelled,,,,,
SR-0010153,G-0004639,BK-0017110,P-001,2022-07-15T21:52:00,Engineering,AC Issue,AC Issue request during stay at Contoso P-001.,Urgent,Completed,,2022-07-15T23:04:00,21,,1
SR-0010154,G-0004140,BK-0018362,P-005,2024-10-03T22:13:00,Engineering,Plumbing Issue,Plumbing Issue request during stay at Contoso P-005.,Low,Completed,,2024-10-04T00:11:00,75,,1
SR-0010155,G-0008558,BK-0018171,P-005,2023-06-02T07:16:00,Housekeeping,Housekeeping Turndown,Housekeeping Turndown request during stay at Contoso P-005.,Medium,Completed,,2023-06-02T08:18:00,57,,1
SR-0010156,G-0007370,BK-0010357,P-002,2024-11-03T13:21:00,Guest Services,Concierge Booking,Concierge Booking request during stay at Contoso P-002.,Medium,Completed,,2024-11-03T14:47:00,35,,1
SR-0010157,G-0007666,BK-0016309,P-004,2024-11-30T22:58:00,Guest Services,Concierge Booking,Concierge Booking request during stay at Contoso P-004.,High,InProgress,,,66,,
SR-0010158,G-0005496,BK-0010286,P-002,2024-07-09T16:12:00,Engineering,Safe Not Opening,Safe Not Opening request during stay at Contoso P-002.,High,Completed,,2024-07-09T17:42:00,69,,1
SR-0010159,G-0004203,BK-0012114,P-003,2023-02-16T07:56:00,F&B,Room Service,Room Service request during stay at Contoso P-003.,High,Cancelled,,,,,
SR-0010160,G-0004472,BK-0015961,P-001,2023-11-07T19:16:00,Front Desk,Luggage Storage,Luggage Storage request during stay at Contoso P-001.,Low,Completed,,2023-11-07T20:16:00,30,,1
SR-0010161,G-0004564,BK-0020251,P-003,2022-03-11T10:01:00,Engineering,Safe Not Opening,Safe Not Opening request during stay at Contoso P-003.,Low,Cancelled,,,,,
SR-0010162,G-0004512,BK-0018095,P-003,2023-04-23T14:50:00,Front Desk,Early Check-In,Early Check-In request during stay at Contoso P-003.,Low,Completed,,2023-04-23T17:43:00,117,,1
SR-0010163,G-0008511,BK-0020727,P-001,2022-03-08T07:46:00,F&B,Coffee Setup,Coffee Setup request during stay at Contoso P-001.,Low,Cancelled,,,,,
SR-0010164,G-0004328,BK-0016208,P-001,2022-04-23T09:05:00,Engineering,AC Issue,AC Issue request during stay at Contoso P-001.,Low,Completed,,2022-04-23T10:24:00,53,,
SR-0010165,G-0007608,BK-0019612,P-002,2024-07-02T16:25:00,Engineering,AC Issue,AC Issue request during stay at Contoso P-002.,Low,Completed,,2024-07-02T18:33:00,96,,1
SR-0010166,G-0006743,BK-0015969,P-004,2023-08-01T10:04:00,F&B,Room Service,Room Service request during stay at Contoso P-004.,High,Completed,,2023-08-01T11:32:00,30,,1
SR-0010167,G-0005084,BK-0019950,P-002,2023-12-30T16:15:00,Engineering,Plumbing Issue,Plumbing Issue request during stay at Contoso P-002.,Medium,Completed,,2023-12-30T17:36:00,74,,1
SR-0010168,G-0005824,BK-0021769,P-001,2023-07-10T19:14:00,Housekeeping,Housekeeping Turndown,Housekeeping Turndown request during stay at Contoso P-001.,Low,Cancelled,,,,,
SR-0010169,G-0008257,BK-0020259,P-004,2023-03-11T15:53:00,Housekeeping,Deep Clean Request,Deep Clean Request request during stay at Contoso P-004.,High,Cancelled,,,,,
SR-0010170,G-0005724,BK-0017970,P-003,2026-02-06T13:11:00,Front Desk,Late Checkout,Late Checkout request during stay at Contoso P-003.,Medium,Completed,,2026-02-06T13:43:00,23,,1
SR-0010171,G-0004652,BK-0013513,P-002,2025-08-22T07:09:00,Housekeeping,Housekeeping Turndown,Housekeeping Turndown request during stay at Contoso P-002.,Low,Cancelled,,,,,
SR-0010172,G-0008646,BK-0013988,P-003,2022-07-03T09:30:00,Housekeeping,Housekeeping Turndown,Housekeeping Turndown request during stay at Contoso P-003.,Low,Cancelled,,,,,
SR-0010173,G-0007452,BK-0011880,P-003,2023-11-23T08:47:00,Housekeeping,Extra Linens,Extra Linens request during stay at Contoso P-003.,Medium,Completed,,2023-11-23T10:45:00,63,,1
SR-0010174,G-0006622,BK-0017464,P-005,2024-12-15T13:42:00,Guest Services,Wake-Up Call,Wake-Up Call request during stay at Contoso P-005.,Medium,Completed,,2024-12-15T16:01:00,88,,
SR-0010175,G-0005514,BK-0021103,P-004,2023-09-18T14:02:00,Guest Services,Package Delivery,Package Delivery request during stay at Contoso P-004.,Medium,Cancelled,,,,,
SR-0010176,G-0008722,BK-0010730,P-003,2025-01-18T09:41:00,Front Desk,Late Checkout,Late Checkout request during stay at Contoso P-003.,High,InProgress,,,63,,
SR-0010177,G-0006529,BK-0010283,P-003,2024-03-02T09:20:00,Engineering,Light Bulb Out,Light Bulb Out request during stay at Contoso P-003.,Low,Completed,,2024-03-02T10:30:00,34,,
SR-0010178,G-0005703,BK-0010056,P-003,2023-12-24T22:05:00,Front Desk,Luggage Storage,Luggage Storage request during stay at Contoso P-003.,Low,Completed,,2023-12-24T23:10:00,33,,
SR-0010179,G-0006061,BK-0012003,P-005,2025-04-27T20:39:00,Engineering,Safe Not Opening,Safe Not Opening request during stay at Contoso P-005.,Low,InProgress,,,117,,
SR-0010180,G-0005810,BK-0020399,P-002,2024-05-30T11:50:00,Engineering,Safe Not Opening,Safe Not Opening request during stay at Contoso P-002.,Low,InProgress,,,30,,
SR-0010181,G-0006402,BK-0014832,P-002,2023-01-28T13:59:00,Housekeeping,Deep Clean Request,Deep Clean Request request during stay at Contoso P-002.,Low,Completed,,2023-01-28T16:08:00,99,,1
SR-0010182,G-0005917,BK-0012048,P-003,2022-06-13T10:03:00,Front Desk,Late Checkout,Late Checkout request during stay at Contoso P-003.,Low,Completed,,2022-06-13T12:15:00,86,,1
SR-0010183,G-0004877,BK-0014583,P-002,2023-08-13T07:42:00,F&B,Special Dietary Request,Special Dietary Request request during stay at Contoso P-002.,Medium,Completed,,2023-08-13T08:38:00,29,,1
SR-0010184,G-0005685,BK-0011741,P-003,2025-05-25T20:24:00,Front Desk,Late Checkout,Late Checkout request during stay at Contoso P-003.,Medium,Completed,,2025-05-25T21:41:00,69,,1
SR-0010185,G-0005597,BK-0013751,P-001,2024-10-30T09:46:00,F&B,Special Dietary Request,Special Dietary Request request during stay at Contoso P-001.,Medium,Completed,,2024-10-30T11:18:00,81,,1
SR-0010186,G-0004174,BK-0020827,P-004,2023-07-31T16:23:00,Housekeeping,Extra Towels,Extra Towels request during stay at Contoso P-004.,Low,Completed,,2023-07-31T17:58:00,63,,1
SR-0010187,G-0007114,BK-0012587,P-005,2023-09-16T14:54:00,Engineering,TV Not Working,TV Not Working request during stay at Contoso P-005.,Low,Completed,,2023-09-16T16:17:00,68,,1
SR-0010188,G-0008500,BK-0010234,P-001,2024-01-12T15:53:00,Front Desk,Room Change,Room Change request during stay at Contoso P-001.,Medium,Cancelled,,,,,
SR-0010189,G-0008510,BK-0019475,P-002,2025-02-03T12:44:00,F&B,Room Service,Room Service request during stay at Contoso P-002.,Low,Completed,,2025-02-03T14:46:00,107,,1
SR-0010190,G-0007155,BK-0012821,P-001,2022-08-02T11:54:00,Front Desk,Early Check-In,Early Check-In request during stay at Contoso P-001.,Urgent,Completed,,2022-08-02T12:16:00,7,,
SR-0010191,G-0004983,BK-0021615,P-003,2024-01-12T21:14:00,Housekeeping,Extra Linens,Extra Linens request during stay at Contoso P-003.,Medium,Completed,,2024-01-12T22:29:00,69,,1
SR-0010192,G-0008456,BK-0014331,P-003,2022-12-26T08:39:00,Engineering,Noise from HVAC,Noise from HVAC request during stay at Contoso P-003.,Low,Completed,,2022-12-26T09:36:00,46,,1
SR-0010193,G-0007263,BK-0011834,P-003,2025-10-29T11:56:00,Front Desk,Luggage Storage,Luggage Storage request during stay at Contoso P-003.,Medium,Completed,,2025-10-29T13:29:00,65,,1
SR-0010194,G-0005359,BK-0012144,P-003,2023-01-16T22:10:00,F&B,Special Dietary Request,Special Dietary Request request during stay at Contoso P-003.,Low,Completed,,2023-01-16T23:54:00,61,,1
SR-0010195,G-0006960,BK-0016169,P-003,2025-01-16T10:38:00,Front Desk,Room Change,Room Change request during stay at Contoso P-003.,High,Completed,,2025-01-16T11:56:00,68,,
SR-0010196,G-0006272,BK-0013479,P-005,2023-10-07T16:04:00,Housekeeping,Extra Linens,Extra Linens request during stay at Contoso P-005.,Low,InProgress,,,47,,
SR-0010197,G-0004392,BK-0011811,P-004,2025-10-30T09:23:00,Guest Services,Wake-Up Call,Wake-Up Call request during stay at Contoso P-004.,Urgent,Completed,,2025-10-30T10:10:00,34,,1
SR-0010198,G-0007847,BK-0012078,P-003,2025-01-26T14:14:00,Engineering,Plumbing Issue,Plumbing Issue request during stay at Contoso P-003.,Low,Cancelled,,,,,
SR-0010199,G-0007634,BK-0012135,P-005,2023-03-31T19:21:00,F&B,Coffee Setup,Coffee Setup request during stay at Contoso P-005.,Medium,Completed,,2023-03-31T20:52:00,70,,1
SR-0010200,G-0006955,BK-0021497,P-002,2025-12-31T11:49:00,Engineering,TV Not Working,TV Not Working request during stay at Contoso P-002.,Medium,Completed,,2025-12-31T12:47:00,37,,
SR-0010201,G-0005378,BK-0012209,P-002,2025-05-31T22:58:00,Front Desk,Extra Key Card,Extra Key Card request during stay at Contoso P-002.,Low,Completed,,2025-06-01T00:27:00,61,,
SR-0010202,G-0004436,BK-0017022,P-001,2024-02-08T21:34:00,Front Desk,Room Change,Room Change request during stay at Contoso P-001.,Medium,InProgress,,,39,,
SR-0010203,G-0004763,BK-0019896,P-002,2025-04-01T11:29:00,Front Desk,Early Check-In,Early Check-In request during stay at Contoso P-002.,Medium,Completed,,2025-04-01T13:14:00,49,,
SR-0010204,G-0005249,BK-0019024,P-003,2024-01-23T18:20:00,Housekeeping,Extra Linens,Extra Linens request during stay at Contoso P-003.,Medium,Completed,,2024-01-23T20:01:00,73,,
SR-0010205,G-0005041,BK-0019798,P-001,2026-01-24T11:25:00,Front Desk,Early Check-In,Early Check-In request during stay at Contoso P-001.,Medium,Completed,,2026-01-24T12:48:00,29,,1
SR-0010206,G-0008794,BK-0019456,P-001,2023-03-22T19:08:00,F&B,Coffee Setup,Coffee Setup request during stay at Contoso P-001.,High,Cancelled,,,,,
SR-0010207,G-0007017,BK-0018141,P-003,2024-04-13T07:07:00,Housekeeping,Extra Linens,Extra Linens request during stay at Contoso P-003.,Low,Completed,,2024-04-13T09:57:00,117,,1
SR-0010208,G-0008953,BK-0016374,P-002,2022-08-27T18:05:00,Engineering,TV Not Working,TV Not Working request during stay at Contoso P-002.,High,Completed,,2022-08-27T19:01:00,43,,1
SR-0010209,G-0006038,BK-0010477,P-003,2022-10-08T10:43:00,Engineering,Light Bulb Out,Light Bulb Out request during stay at Contoso P-003.,Low,Completed,,2022-10-08T11:48:00,43,,1
SR-0010210,G-0007263,BK-0013295,P-003,2023-06-01T18:19:00,Engineering,TV Not Working,TV Not Working request during stay at Contoso P-003.,Low,Completed,,2023-06-01T20:47:00,96,,1
SR-0010211,G-0008217,BK-0019609,P-003,2023-02-14T18:19:00,Front Desk,Early Check-In,Early Check-In request during stay at Contoso P-003.,High,Completed,,2023-02-14T19:43:00,55,,1
SR-0010212,G-0004860,BK-0019419,P-003,2026-01-16T14:03:00,Front Desk,Extra Key Card,Extra Key Card request during stay at Contoso P-003.,Low,Completed,,2026-01-16T16:03:00,106,,1
SR-0010213,G-0008851,BK-0021439,P-001,2025-07-16T09:58:00,F&B,Room Service,Room Service request during stay at Contoso P-001.,High,Completed,,2025-07-16T10:51:00,29,,1
SR-0010214,G-0004678,BK-0014800,P-002,2022-07-01T18:54:00,Front Desk,Luggage Storage,Luggage Storage request during stay at Contoso P-002.,High,Completed,,2022-07-01T20:15:00,66,,1
SR-0010215,G-0005475,BK-0012615,P-002,2025-08-01T07:24:00,Guest Services,Package Delivery,Package Delivery request during stay at Contoso P-002.,High,Completed,,2025-08-01T08:28:00,33,,1
SR-0010216,G-0008791,BK-0014215,P-002,2023-10-27T13:30:00,Housekeeping,Deep Clean Request,Deep Clean Request request during stay at Contoso P-002.,High,Completed,,2023-10-27T14:28:00,31,,1
SR-0010217,G-0005012,BK-0021651,P-002,2025-09-04T08:01:00,F&B,Special Dietary Request,Special Dietary Request request during stay at Contoso P-002.,Medium,Completed,,2025-09-04T09:43:00,68,,1
SR-0010218,G-0007247,BK-0013747,P-002,2023-10-22T14:45:00,F&B,Special Dietary Request,Special Dietary Request request during stay at Contoso P-002.,Low,Completed,,2023-10-22T16:43:00,71,,
SR-0010219,G-0004096,BK-0021492,P-002,2025-07-10T12:29:00,Engineering,TV Not Working,TV Not Working request during stay at Contoso P-002.,High,Completed,,2025-07-10T14:27:00,75,,1
SR-0010220,G-0007530,BK-0018273,P-001,2024-01-19T18:46:00,Engineering,Light Bulb Out,Light Bulb Out request during stay at Contoso P-001.,Low,InProgress,,,90,,
SR-0010221,G-0007187,BK-0014343,P-002,2024-08-20T18:37:00,F&B,Mini Bar Restock,Mini Bar Restock request during stay at Contoso P-002.,Urgent,Completed,,2024-08-20T19:42:00,39,,
SR-0010222,G-0007277,BK-0012459,P-004,2023-02-03T11:19:00,F&B,Coffee Setup,Coffee Setup request during stay at Contoso P-004.,Medium,Cancelled,,,,,
SR-0010223,G-0006986,BK-0014963,P-001,2022-12-05T22:37:00,Guest Services,Transportation Request,Transportation Request request during stay at Contoso P-001.,Low,Completed,,2022-12-06T00:09:00,46,,1
SR-0010224,G-0004765,BK-0013126,P-003,2025-10-19T19:17:00,Engineering,Safe Not Opening,Safe Not Opening request during stay at Contoso P-003.,Medium,Cancelled,,,,,
SR-0010225,G-0006076,BK-0013276,P-002,2024-06-28T18:53:00,Housekeeping,Housekeeping Turndown,Housekeeping Turndown request during stay at Contoso P-002.,Medium,Completed,,2024-06-28T20:27:00,69,,1
SR-0010226,G-0006160,BK-0012472,P-005,2024-03-18T19:46:00,Housekeeping,Extra Pillows,Extra Pillows request during stay at Contoso P-005.,Urgent,Completed,,2024-03-18T20:47:00,24,,1
SR-0010227,G-0008172,BK-0015687,P-003,2024-12-04T07:57:00,Guest Services,Concierge Booking,Concierge Booking request during stay at Contoso P-003.,Urgent,InProgress,,,20,,
SR-0010228,G-0005626,BK-0018686,P-005,2022-11-10T14:02:00,Engineering,AC Issue,AC Issue request during stay at Contoso P-005.,Low,Completed,,2022-11-10T15:35:00,64,,1
SR-0010229,G-0007113,BK-0011742,P-003,2025-01-22T16:09:00,F&B,Mini Bar Restock,Mini Bar Restock request during stay at Contoso P-003.,Medium,Completed,,2025-01-22T16:51:00,23,,1
SR-0010230,G-0005439,BK-0013712,P-001,2022-04-07T17:39:00,F&B,In-Room Dining Order,In-Room Dining Order request during stay at Contoso P-001.,Low,Completed,,2022-04-07T18:30:00,30,,
SR-0010231,G-0008986,BK-0016773,P-002,2022-03-13T14:55:00,Engineering,Safe Not Opening,Safe Not Opening request during stay at Contoso P-002.,High,Completed,,2022-03-13T16:12:00,60,,1
SR-0010232,G-0007292,BK-0014319,P-003,2022-12-18T12:28:00,Front Desk,Extra Key Card,Extra Key Card request during stay at Contoso P-003.,Low,Completed,,2022-12-18T14:22:00,89,,1
SR-0010233,G-0004037,BK-0019773,P-003,2023-03-04T20:26:00,Housekeeping,Crib Setup,Crib Setup request during stay at Contoso P-003.,Low,Completed,,2023-03-04T22:02:00,70,,1
SR-0010234,G-0004828,BK-0013118,P-003,2024-02-01T11:54:00,F&B,Coffee Setup,Coffee Setup request during stay at Contoso P-003.,High,InProgress,,,73,,
SR-0010235,G-0006847,BK-0013811,P-003,2025-11-03T07:33:00,Engineering,Noise from HVAC,Noise from HVAC request during stay at Contoso P-003.,Low,Completed,,2025-11-03T09:15:00,94,,1
SR-0010236,G-0007748,BK-0020747,P-001,2023-04-06T17:14:00,Guest Services,Concierge Booking,Concierge Booking request during stay at Contoso P-001.,Low,Cancelled,,,,,
SR-0010237,G-0006948,BK-0021645,P-003,2025-04-07T09:14:00,Guest Services,Concierge Booking,Concierge Booking request during stay at Contoso P-003.,Medium,Completed,,2025-04-07T10:44:00,34,,1
SR-0010238,G-0005988,BK-0011665,P-003,2024-03-22T16:40:00,Housekeeping,Housekeeping Turndown,Housekeeping Turndown request during stay at Contoso P-003.,Medium,Completed,,2024-03-22T17:16:00,27,,1
SR-0010239,G-0006212,BK-0016663,P-003,2023-02-25T13:47:00,Housekeeping,Crib Setup,Crib Setup request during stay at Contoso P-003.,Medium,Completed,,2023-02-25T15:15:00,78,,1
SR-0010240,G-0008771,BK-0014347,P-003,2025-12-14T11:35:00,Engineering,Light Bulb Out,Light Bulb Out request during stay at Contoso P-003.,Low,Completed,,2025-12-14T12:28:00,36,,1
SR-0010241,G-0008264,BK-0011094,P-002,2022-10-13T09:11:00,Engineering,Plumbing Issue,Plumbing Issue request during stay at Contoso P-002.,Medium,Completed,,2022-10-13T10:17:00,61,,1
SR-0010242,G-0004886,BK-0015232,P-002,2024-02-28T22:10:00,Housekeeping,Housekeeping Turndown,Housekeeping Turndown request during stay at Contoso P-002.,Low,Completed,,2024-02-28T23:33:00,43,,1
SR-0010243,G-0007750,BK-0021069,P-004,2024-04-22T17:26:00,Engineering,Safe Not Opening,Safe Not Opening request during stay at Contoso P-004.,Urgent,Completed,,2024-04-22T18:03:00,17,,1
SR-0010244,G-0007081,BK-0013584,P-001,2022-09-29T13:17:00,Engineering,Plumbing Issue,Plumbing Issue request during stay at Contoso P-001.,Medium,Completed,,2022-09-29T15:36:00,81,,1
SR-0010245,G-0006840,BK-0018116,P-003,2023-06-22T14:18:00,Housekeeping,Extra Linens,Extra Linens request during stay at Contoso P-003.,Medium,Completed,,2023-06-22T15:36:00,56,,1
SR-0010246,G-0008290,BK-0013637,P-002,2024-09-09T19:49:00,F&B,Room Service,Room Service request during stay at Contoso P-002.,Medium,Completed,,2024-09-09T21:01:00,22,,1
SR-0010247,G-0004018,BK-0011725,P-002,2025-01-31T12:48:00,Engineering,Plumbing Issue,Plumbing Issue request during stay at Contoso P-002.,Low,Completed,,2025-01-31T13:59:00,39,,1
SR-0010248,G-0004758,BK-0013810,P-004,2025-09-22T10:06:00,Housekeeping,Deep Clean Request,Deep Clean Request request during stay at Contoso P-004.,Low,Completed,,2025-09-22T12:17:00,76,,1
SR-0010249,G-0005788,BK-0015768,P-002,2023-11-11T18:21:00,Front Desk,Room Change,Room Change request during stay at Contoso P-002.,High,Completed,,2023-11-11T19:32:00,28,,1
SR-0010250,G-0004165,BK-0020317,P-001,2025-08-18T09:42:00,Housekeeping,Extra Towels,Extra Towels request during stay at Contoso P-001.,Low,Completed,,2025-08-18T11:51:00,94,,1
SR-0010251,G-0007782,BK-0018910,P-003,2025-07-25T16:16:00,Housekeeping,Extra Towels,Extra Towels request during stay at Contoso P-003.,Medium,Completed,,2025-07-25T17:31:00,39,,
SR-0010252,G-0008060,BK-0019454,P-003,2025-03-17T17:55:00,Engineering,Safe Not Opening,Safe Not Opening request during stay at Contoso P-003.,Low,Completed,,2025-03-17T20:32:00,118,,1
SR-0010253,G-0006171,BK-0010009,P-003,2024-01-02T11:07:00,Housekeeping,Extra Pillows,Extra Pillows request during stay at Contoso P-003.,Medium,Completed,,2024-01-02T12:31:00,39,,
SR-0010254,G-0004878,BK-0017066,P-001,2023-08-18T10:35:00,Guest Services,Package Delivery,Package Delivery request during stay at Contoso P-001.,Low,Completed,,2023-08-18T12:48:00,87,,1
SR-0010255,G-0006517,BK-0021089,P-003,2023-10-16T16:31:00,F&B,Mini Bar Restock,Mini Bar Restock request during stay at Contoso P-003.,Medium,Completed,,2023-10-16T18:06:00,60,,1
SR-0010256,G-0004860,BK-0015934,P-005,2022-03-18T12:32:00,F&B,Mini Bar Restock,Mini Bar Restock request during stay at Contoso P-005.,Urgent,Completed,,2022-03-18T13:32:00,41,,1
SR-0010257,G-0006820,BK-0017289,P-005,2024-07-14T19:13:00,Housekeeping,Deep Clean Request,Deep Clean Request request during stay at Contoso P-005.,High,InProgress,,,49,,
SR-0010258,G-0004760,BK-0021501,P-002,2022-05-27T18:30:00,Housekeeping,Crib Setup,Crib Setup request during stay at Contoso P-002.,Low,InProgress,,,68,,
SR-0010259,G-0008485,BK-0010066,P-003,2026-02-09T21:09:00,Front Desk,Late Checkout,Late Checkout request during stay at Contoso P-003.,Medium,Completed,,2026-02-09T22:28:00,73,,
SR-0010260,G-0005257,BK-0020363,P-005,2023-08-25T16:01:00,Engineering,Safe Not Opening,Safe Not Opening request during stay at Contoso P-005.,Low,Completed,,2023-08-25T18:25:00,92,,1
SR-0010261,G-0005901,BK-0013730,P-002,2024-01-07T16:37:00,F&B,Special Dietary Request,Special Dietary Request request during stay at Contoso P-002.,Medium,InProgress,,,56,,
SR-0010262,G-0005409,BK-0010297,P-002,2022-04-18T15:03:00,Guest Services,Special Occasion Setup,Special Occasion Setup request during stay at Contoso P-002.,Low,Cancelled,,,,,
SR-0010263,G-0007385,BK-0020661,P-002,2023-02-21T08:51:00,Housekeeping,Crib Setup,Crib Setup request during stay at Contoso P-002.,High,Completed,,2023-02-21T10:24:00,76,,1
SR-0010264,G-0007249,BK-0018005,P-003,2023-12-09T15:53:00,Guest Services,Concierge Booking,Concierge Booking request during stay at Contoso P-003.,High,Completed,,2023-12-09T17:12:00,31,,1
SR-0010265,G-0008480,BK-0017122,P-003,2025-02-12T12:21:00,F&B,Coffee Setup,Coffee Setup request during stay at Contoso P-003.,Medium,Completed,,2025-02-12T13:10:00,42,,
SR-0010266,G-0004407,BK-0018800,P-002,2025-10-21T08:08:00,Front Desk,Room Change,Room Change request during stay at Contoso P-002.,High,Completed,,2025-10-21T09:14:00,40,,
SR-0010267,G-0007321,BK-0010510,P-004,2025-06-11T16:03:00,Housekeeping,Crib Setup,Crib Setup request during stay at Contoso P-004.,Urgent,Completed,,2025-06-11T17:26:00,23,,1
SR-0010268,G-0008969,BK-0012926,P-004,2025-10-10T18:04:00,Front Desk,Luggage Storage,Luggage Storage request during stay at Contoso P-004.,Medium,Completed,,2025-10-10T19:25:00,24,,1
SR-0010269,G-0005913,BK-0016219,P-002,2024-01-09T10:00:00,Front Desk,Luggage Storage,Luggage Storage request during stay at Contoso P-002.,Medium,Completed,,2024-01-09T11:52:00,71,,1
SR-0010270,G-0008573,BK-0021481,P-001,2025-03-07T09:34:00,Housekeeping,Extra Linens,Extra Linens request during stay at Contoso P-001.,Medium,Completed,,2025-03-07T11:55:00,86,,1
SR-0010271,G-0005378,BK-0012288,P-003,2023-04-06T15:17:00,Engineering,TV Not Working,TV Not Working request during stay at Contoso P-003.,Low,Completed,,2023-04-06T17:47:00,104,,1
SR-0010272,G-0007625,BK-0017192,P-003,2024-07-15T08:23:00,Engineering,Noise from HVAC,Noise from HVAC request during stay at Contoso P-003.,High,Completed,,2024-07-15T09:50:00,58,,1
SR-0010273,G-0007116,BK-0012715,P-003,2023-10-24T09:54:00,Engineering,AC Issue,AC Issue request during stay at Contoso P-003.,Low,Completed,,2023-10-24T11:49:00,85,,1
SR-0010274,G-0005262,BK-0017375,P-002,2022-12-15T16:05:00,Engineering,Noise from HVAC,Noise from HVAC request during stay at Contoso P-002.,Low,Completed,,2022-12-15T18:08:00,69,,1
SR-0010275,G-0006562,BK-0018083,P-002,2023-05-05T12:04:00,Front Desk,Room Change,Room Change request during stay at Contoso P-002.,High,Cancelled,,,,,
SR-0010276,G-0008389,BK-0021752,P-001,2026-01-20T18:48:00,Engineering,Light Bulb Out,Light Bulb Out request during stay at Contoso P-001.,High,Completed,,2026-01-20T19:14:00,21,,1
SR-0010277,G-0004052,BK-0013583,P-001,2025-01-12T22:27:00,Housekeeping,Housekeeping Turndown,Housekeeping Turndown request during stay at Contoso P-001.,Low,Cancelled,,,,,
SR-0010278,G-0004863,BK-0017218,P-003,2025-08-27T07:37:00,Housekeeping,Extra Towels,Extra Towels request during stay at Contoso P-003.,Medium,Completed,,2025-08-27T09:12:00,43,,1
SR-0010279,G-0004329,BK-0019703,P-002,2023-07-09T08:35:00,Housekeeping,Extra Linens,Extra Linens request during stay at Contoso P-002.,Medium,Completed,,2023-07-09T10:09:00,51,,
SR-0010280,G-0005031,BK-0010836,P-004,2024-11-27T14:03:00,F&B,Room Service,Room Service request during stay at Contoso P-004.,Medium,Completed,,2024-11-27T15:49:00,56,,1
SR-0010281,G-0006857,BK-0018497,P-004,2025-10-14T13:41:00,Engineering,TV Not Working,TV Not Working request during stay at Contoso P-004.,Medium,Completed,,2025-10-14T15:29:00,73,,1
SR-0010282,G-0007229,BK-0013679,P-002,2024-08-27T11:10:00,Housekeeping,Extra Pillows,Extra Pillows request during stay at Contoso P-002.,Medium,Completed,,2024-08-27T12:01:00,25,,1
SR-0010283,G-0005384,BK-0021588,P-002,2024-07-11T08:17:00,Front Desk,Extra Key Card,Extra Key Card request during stay at Contoso P-002.,Medium,Completed,,2024-07-11T09:23:00,22,,
SR-0010284,G-0005366,BK-0015818,P-003,2024-11-18T13:21:00,Front Desk,Late Checkout,Late Checkout request during stay at Contoso P-003.,Medium,Completed,,2024-11-18T15:00:00,57,,1
SR-0010285,G-0008909,BK-0019648,P-002,2023-12-02T18:03:00,Housekeeping,Housekeeping Turndown,Housekeeping Turndown request during stay at Contoso P-002.,Medium,Cancelled,,,,,
SR-0010286,G-0004568,BK-0013394,P-003,2023-01-09T16:35:00,Engineering,AC Issue,AC Issue request during stay at Contoso P-003.,Medium,Completed,,2023-01-09T18:51:00,90,,1
SR-0010287,G-0006437,BK-0021297,P-003,2023-05-29T17:16:00,F&B,Mini Bar Restock,Mini Bar Restock request during stay at Contoso P-003.,Low,Completed,,2023-05-29T19:37:00,118,,1
SR-0010288,G-0007203,BK-0011421,P-001,2022-03-15T21:14:00,Guest Services,Package Delivery,Package Delivery request during stay at Contoso P-001.,High,Completed,,2022-03-15T22:33:00,25,,1
SR-0010289,G-0005001,BK-0017190,P-003,2024-02-27T10:05:00,F&B,In-Room Dining Order,In-Room Dining Order request during stay at Contoso P-003.,Low,Completed,,2024-02-27T11:39:00,41,,1
SR-0010290,G-0008138,BK-0020215,P-005,2025-09-15T16:58:00,Front Desk,Extra Key Card,Extra Key Card request during stay at Contoso P-005.,Low,Completed,,2025-09-15T19:12:00,103,,1
SR-0010291,G-0005942,BK-0015184,P-002,2025-03-22T15:52:00,Housekeeping,Crib Setup,Crib Setup request during stay at Contoso P-002.,Low,Completed,,2025-03-22T18:13:00,83,,1
SR-0010292,G-0006886,BK-0017918,P-002,2024-03-30T10:26:00,Engineering,Safe Not Opening,Safe Not Opening request during stay at Contoso P-002.,Low,InProgress,,,101,,
SR-0010293,G-0006098,BK-0011383,P-003,2023-07-22T17:26:00,F&B,Room Service,Room Service request during stay at Contoso P-003.,High,Completed,,2023-07-22T18:24:00,40,,1
SR-0010294,G-0004279,BK-0016780,P-003,2022-05-21T18:46:00,Engineering,Noise from HVAC,Noise from HVAC request during stay at Contoso P-003.,Medium,Completed,,2022-05-21T19:14:00,23,,1
SR-0010295,G-0007385,BK-0020274,P-002,2023-07-14T17:17:00,Front Desk,Early Check-In,Early Check-In request during stay at Contoso P-002.,High,Completed,,2023-07-14T17:48:00,17,,1
SR-0010296,G-0005191,BK-0010663,P-002,2023-03-25T17:58:00,Housekeeping,Deep Clean Request,Deep Clean Request request during stay at Contoso P-002.,Low,Cancelled,,,,,
SR-0010297,G-0006890,BK-0012335,P-004,2022-08-21T08:45:00,Housekeeping,Extra Linens,Extra Linens request during stay at Contoso P-004.,Low,Completed,,2022-08-21T10:42:00,111,,1
SR-0010298,G-0008789,BK-0021671,P-002,2023-03-05T14:14:00,F&B,In-Room Dining Order,In-Room Dining Order request during stay at Contoso P-002.,High,Cancelled,,,,,
SR-0010299,G-0005502,BK-0015807,P-001,2023-09-27T07:33:00,F&B,Room Service,Room Service request during stay at Contoso P-001.,Low,Completed,,2023-09-27T09:00:00,59,,
SR-0010300,G-0005029,BK-0011218,P-001,2022-12-10T22:37:00,Front Desk,Early Check-In,Early Check-In request during stay at Contoso P-001.,Low,Cancelled,,,,,
SR-0010301,G-0005157,BK-0014200,P-005,2025-09-02T10:23:00,F&B,Special Dietary Request,Special Dietary Request request during stay at Contoso P-005.,Medium,Completed,,2025-09-02T11:46:00,47,,1
SR-0010302,G-0006029,BK-0011027,P-003,2023-12-16T19:34:00,Housekeeping,Housekeeping Turndown,Housekeeping Turndown request during stay at Contoso P-003.,High,InProgress,,,74,,
SR-0010303,G-0004906,BK-0018554,P-003,2023-03-26T15:14:00,Guest Services,Concierge Booking,Concierge Booking request during stay at Contoso P-003.,Medium,Completed,,2023-03-26T16:02:00,20,,1
SR-0010304,G-0005645,BK-0015534,P-003,2025-07-30T07:42:00,Engineering,AC Issue,AC Issue request during stay at Contoso P-003.,Medium,InProgress,,,82,,
SR-0010305,G-0007635,BK-0016349,P-003,2023-04-20T13:39:00,Front Desk,Luggage Storage,Luggage Storage request during stay at Contoso P-003.,High,Completed,,2023-04-20T14:20:00,32,,
SR-0010306,G-0008727,BK-0011724,P-005,2026-02-20T21:02:00,Front Desk,Room Change,Room Change request during stay at Contoso P-005.,Low,Cancelled,,,,,
SR-0010307,G-0004032,BK-0014185,P-004,2024-03-05T12:54:00,Front Desk,Room Change,Room Change request during stay at Contoso P-004.,High,Completed,,2024-03-05T13:24:00,24,,
SR-0010308,G-0004365,BK-0018136,P-002,2024-10-05T22:57:00,F&B,Mini Bar Restock,Mini Bar Restock request during stay at Contoso P-002.,High,Completed,,2024-10-05T23:57:00,37,,1
SR-0010309,G-0007453,BK-0015983,P-001,2025-08-20T12:27:00,Housekeeping,Extra Towels,Extra Towels request during stay at Contoso P-001.,Medium,Cancelled,,,,,
SR-0010310,G-0006076,BK-0014894,P-002,2025-03-21T14:08:00,Housekeeping,Crib Setup,Crib Setup request during stay at Contoso P-002.,Medium,Completed,,2025-03-21T15:35:00,34,,1
SR-0010311,G-0007903,BK-0019202,P-003,2025-09-24T18:46:00,Guest Services,Wake-Up Call,Wake-Up Call request during stay at Contoso P-003.,Low,Completed,,2025-09-24T20:18:00,81,,1
SR-0010312,G-0007843,BK-0015011,P-001,2022-03-03T21:37:00,F&B,Coffee Setup,Coffee Setup request during stay at Contoso P-001.,Medium,Completed,,2022-03-03T23:48:00,82,,
SR-0010313,G-0008216,BK-0010854,P-002,2023-06-05T14:01:00,Engineering,Safe Not Opening,Safe Not Opening request during stay at Contoso P-002.,Medium,Completed,,2023-06-05T15:38:00,58,,1
SR-0010314,G-0005901,BK-0010089,P-003,2025-10-02T14:57:00,Guest Services,Special Occasion Setup,Special Occasion Setup request during stay at Contoso P-003.,Urgent,Completed,,2025-10-02T15:14:00,7,,1
SR-0010315,G-0004932,BK-0016530,P-003,2023-08-08T15:19:00,Engineering,TV Not Working,TV Not Working request during stay at Contoso P-003.,Low,Completed,,2023-08-08T18:02:00,113,,1
SR-0010316,G-0006645,BK-0010943,P-003,2024-01-31T13:00:00,F&B,In-Room Dining Order,In-Room Dining Order request during stay at Contoso P-003.,Low,Completed,,2024-01-31T15:30:00,91,,1
SR-0010317,G-0005914,BK-0014538,P-003,2024-05-13T09:05:00,F&B,Special Dietary Request,Special Dietary Request request during stay at Contoso P-003.,High,Completed,,2024-05-13T10:05:00,25,,
SR-0010318,G-0005338,BK-0015441,P-005,2022-04-07T20:50:00,Housekeeping,Housekeeping Turndown,Housekeeping Turndown request during stay at Contoso P-005.,Medium,Completed,,2022-04-07T21:53:00,30,,1
SR-0010319,G-0004904,BK-0014589,P-005,2022-11-05T10:12:00,Housekeeping,Housekeeping Turndown,Housekeeping Turndown request during stay at Contoso P-005.,Medium,Completed,,2022-11-05T12:22:00,79,,
SR-0010320,G-0008227,BK-0011249,P-002,2023-07-22T18:20:00,Engineering,AC Issue,AC Issue request during stay at Contoso P-002.,Medium,Completed,,2023-07-22T19:50:00,71,,1
SR-0010321,G-0004148,BK-0010376,P-001,2023-03-30T22:46:00,F&B,Coffee Setup,Coffee Setup request during stay at Contoso P-001.,Low,Completed,,2023-03-31T01:37:00,117,,1
SR-0010322,G-0006977,BK-0012852,P-003,2022-08-08T17:02:00,Guest Services,Concierge Booking,Concierge Booking request during stay at Contoso P-003.,Low,Completed,,2022-08-08T19:15:00,83,,
SR-0010323,G-0004943,BK-0015335,P-005,2025-02-07T07:47:00,Front Desk,Extra Key Card,Extra Key Card request during stay at Contoso P-005.,Urgent,Completed,,2025-02-07T09:09:00,36,,
SR-0010324,G-0004485,BK-0015077,P-002,2025-09-20T19:09:00,Guest Services,Wake-Up Call,Wake-Up Call request during stay at Contoso P-002.,Medium,Completed,,2025-09-20T20:03:00,47,,1
SR-0010325,G-0004706,BK-0018864,P-001,2024-02-28T18:30:00,Housekeeping,Extra Linens,Extra Linens request during stay at Contoso P-001.,Low,Completed,,2024-02-28T20:19:00,102,,1
SR-0010326,G-0008590,BK-0020481,P-005,2022-04-16T12:10:00,Guest Services,Transportation Request,Transportation Request request during stay at Contoso P-005.,Low,Completed,,2022-04-16T14:26:00,93,,1
SR-0010327,G-0006157,BK-0010366,P-002,2022-03-03T18:45:00,Engineering,TV Not Working,TV Not Working request during stay at Contoso P-002.,Low,Completed,,2022-03-03T20:40:00,70,,1
SR-0010328,G-0008389,BK-0019221,P-003,2024-12-16T12:35:00,Front Desk,Luggage Storage,Luggage Storage request during stay at Contoso P-003.,Medium,Completed,,2024-12-16T13:15:00,28,,1
SR-0010329,G-0006962,BK-0011418,P-002,2022-03-04T15:14:00,Housekeeping,Crib Setup,Crib Setup request during stay at Contoso P-002.,Medium,Completed,,2022-03-04T17:14:00,86,,1
SR-0010330,G-0004304,BK-0020010,P-002,2025-06-22T10:14:00,F&B,Mini Bar Restock,Mini Bar Restock request during stay at Contoso P-002.,High,Completed,,2025-06-22T11:05:00,20,,1
SR-0010331,G-0004709,BK-0011181,P-001,2025-09-06T11:02:00,Front Desk,Luggage Storage,Luggage Storage request during stay at Contoso P-001.,High,InProgress,,,21,,
SR-0010332,G-0006539,BK-0020996,P-003,2022-07-16T17:28:00,F&B,Special Dietary Request,Special Dietary Request request during stay at Contoso P-003.,Low,Completed,,2022-07-16T18:59:00,44,,1
SR-0010333,G-0007621,BK-0021655,P-004,2022-08-23T13:46:00,Housekeeping,Extra Towels,Extra Towels request during stay at Contoso P-004.,High,InProgress,,,53,,
SR-0010334,G-0005944,BK-0021125,P-002,2025-06-21T13:11:00,F&B,Room Service,Room Service request during stay at Contoso P-002.,Urgent,Completed,,2025-06-21T14:16:00,33,,1
SR-0010335,G-0005662,BK-0019867,P-002,2022-06-22T14:49:00,Engineering,Plumbing Issue,Plumbing Issue request during stay at Contoso P-002.,Medium,Cancelled,,,,,
SR-0010336,G-0008943,BK-0018253,P-003,2022-03-17T15:40:00,Engineering,Plumbing Issue,Plumbing Issue request during stay at Contoso P-003.,High,Completed,,2022-03-17T17:18:00,45,,
SR-0010337,G-0006298,BK-0012876,P-001,2025-03-20T18:08:00,Engineering,Plumbing Issue,Plumbing Issue request during stay at Contoso P-001.,Low,InProgress,,,100,,
SR-0010338,G-0008438,BK-0010891,P-003,2022-03-08T12:36:00,Engineering,TV Not Working,TV Not Working request during stay at Contoso P-003.,Low,Completed,,2022-03-08T14:40:00,110,,1
SR-0010339,G-0007993,BK-0018176,P-004,2023-01-25T20:11:00,Engineering,TV Not Working,TV Not Working request during stay at Contoso P-004.,Medium,Completed,,2023-01-25T22:08:00,79,,1
SR-0010340,G-0004012,BK-0014619,P-005,2023-12-01T21:40:00,Housekeeping,Crib Setup,Crib Setup request during stay at Contoso P-005.,Low,Completed,,2023-12-01T23:35:00,109,,1
SR-0010341,G-0005730,BK-0021405,P-002,2024-09-12T14:23:00,Housekeeping,Crib Setup,Crib Setup request during stay at Contoso P-002.,Medium,Cancelled,,,,,
SR-0010342,G-0008788,BK-0012234,P-002,2025-03-30T13:03:00,Engineering,Light Bulb Out,Light Bulb Out request during stay at Contoso P-002.,Low,Completed,,2025-03-30T14:46:00,93,,1
SR-0010343,G-0004142,BK-0011399,P-005,2022-10-12T07:26:00,Front Desk,Early Check-In,Early Check-In request during stay at Contoso P-005.,Urgent,InProgress,,,45,,
SR-0010344,G-0004856,BK-0019531,P-001,2022-07-19T08:34:00,Front Desk,Late Checkout,Late Checkout request during stay at Contoso P-001.,Medium,Completed,,2022-07-19T10:49:00,88,,1
SR-0010345,G-0004781,BK-0020605,P-003,2025-04-28T18:38:00,Engineering,TV Not Working,TV Not Working request during stay at Contoso P-003.,Low,InProgress,,,86,,
SR-0010346,G-0006502,BK-0015845,P-003,2025-12-24T13:09:00,Housekeeping,Extra Linens,Extra Linens request during stay at Contoso P-003.,Low,InProgress,,,66,,
SR-0010347,G-0005589,BK-0018293,P-003,2023-01-30T13:25:00,Guest Services,Special Occasion Setup,Special Occasion Setup request during stay at Contoso P-003.,High,Completed,,2023-01-30T14:44:00,65,,1
SR-0010348,G-0004099,BK-0014405,P-003,2025-05-01T11:55:00,F&B,Coffee Setup,Coffee Setup request during stay at Contoso P-003.,Medium,Cancelled,,,,,
SR-0010349,G-0008343,BK-0010799,P-003,2025-09-03T11:13:00,Engineering,TV Not Working,TV Not Working request during stay at Contoso P-003.,Medium,Completed,,2025-09-03T11:56:00,26,,1
SR-0010350,G-0005230,BK-0018081,P-004,2024-11-04T13:14:00,Front Desk,Luggage Storage,Luggage Storage request during stay at Contoso P-004.,Low,Completed,,2024-11-04T15:28:00,120,,1
SR-0010351,G-0005701,BK-0019034,P-003,2025-10-22T09:18:00,Engineering,TV Not Working,TV Not Working request during stay at Contoso P-003.,Low,Completed,,2025-10-22T10:51:00,69,,
SR-0010352,G-0007827,BK-0011340,P-001,2024-02-08T16:19:00,Housekeeping,Housekeeping Turndown,Housekeeping Turndown request during stay at Contoso P-001.,High,Completed,,2024-02-08T18:18:00,63,,1
SR-0010353,G-0005782,BK-0018097,P-003,2023-11-15T10:58:00,F&B,Special Dietary Request,Special Dietary Request request during stay at Contoso P-003.,Medium,Completed,,2023-11-15T12:17:00,65,,1
SR-0010354,G-0004865,BK-0010014,P-003,2025-09-19T10:23:00,Housekeeping,Extra Towels,Extra Towels request during stay at Contoso P-003.,Low,Completed,,2025-09-19T12:00:00,46,,1
SR-0010355,G-0005275,BK-0010140,P-003,2023-09-19T21:10:00,Engineering,Noise from HVAC,Noise from HVAC request during stay at Contoso P-003.,Medium,Completed,,2023-09-19T21:59:00,37,,1
SR-0010356,G-0006402,BK-0018530,P-002,2024-01-02T22:04:00,Engineering,Safe Not Opening,Safe Not Opening request during stay at Contoso P-002.,Low,Completed,,2024-01-03T00:18:00,107,,1
SR-0010357,G-0006457,BK-0014021,P-003,2025-08-12T10:11:00,Guest Services,Transportation Request,Transportation Request request during stay at Contoso P-003.,Medium,Completed,,2025-08-12T12:11:00,82,,1
SR-0010358,G-0006695,BK-0016295,P-001,2022-04-29T22:39:00,Housekeeping,Extra Towels,Extra Towels request during stay at Contoso P-001.,Low,Completed,,2022-04-30T00:05:00,75,,1
SR-0010359,G-0004323,BK-0015640,P-005,2024-12-18T14:58:00,Engineering,Plumbing Issue,Plumbing Issue request during stay at Contoso P-005.,Low,Completed,,2024-12-18T16:38:00,72,,
SR-0010360,G-0005403,BK-0018013,P-003,2023-11-15T11:36:00,F&B,Mini Bar Restock,Mini Bar Restock request during stay at Contoso P-003.,Low,Cancelled,,,,,
SR-0010361,G-0004795,BK-0021449,P-004,2025-12-20T22:01:00,Engineering,Noise from HVAC,Noise from HVAC request during stay at Contoso P-004.,High,Completed,,2025-12-20T23:32:00,50,,
SR-0010362,G-0006035,BK-0016907,P-004,2022-12-26T10:22:00,Housekeeping,Deep Clean Request,Deep Clean Request request during stay at Contoso P-004.,Medium,Completed,,2022-12-26T12:05:00,87,,1
SR-0010363,G-0004767,BK-0010758,P-003,2022-03-01T14:21:00,Housekeeping,Extra Pillows,Extra Pillows request during stay at Contoso P-003.,High,InProgress,,,70,,
SR-0010364,G-0007211,BK-0015717,P-001,2025-09-27T19:41:00,Engineering,Noise from HVAC,Noise from HVAC request during stay at Contoso P-001.,Low,Completed,,2025-09-27T21:09:00,76,,1
SR-0010365,G-0008126,BK-0015247,P-003,2025-08-04T10:15:00,Housekeeping,Deep Clean Request,Deep Clean Request request during stay at Contoso P-003.,Medium,Completed,,2025-08-04T11:45:00,63,,1
SR-0010366,G-0006568,BK-0017007,P-002,2024-04-04T10:51:00,F&B,Special Dietary Request,Special Dietary Request request during stay at Contoso P-002.,High,InProgress,,,39,,
SR-0010367,G-0005704,BK-0019407,P-002,2024-03-09T21:48:00,F&B,Coffee Setup,Coffee Setup request during stay at Contoso P-002.,Low,Completed,,2024-03-09T23:05:00,66,,1
SR-0010368,G-0005899,BK-0016622,P-004,2025-11-17T07:42:00,Housekeeping,Extra Linens,Extra Linens request during stay at Contoso P-004.,Low,Cancelled,,,,,
SR-0010369,G-0006148,BK-0018308,P-003,2024-12-06T12:08:00,Engineering,TV Not Working,TV Not Working request during stay at Contoso P-003.,High,Cancelled,,,,,
SR-0010370,G-0007236,BK-0014242,P-002,2024-09-09T08:42:00,Housekeeping,Extra Linens,Extra Linens request during stay at Contoso P-002.,Low,Completed,,2024-09-09T09:44:00,41,,1
SR-0010371,G-0006721,BK-0020437,P-003,2023-10-02T07:36:00,Housekeeping,Extra Linens,Extra Linens request during stay at Contoso P-003.,High,Completed,,2023-10-02T09:12:00,46,,1
SR-0010372,G-0007745,BK-0018128,P-003,2025-12-24T18:13:00,Engineering,Noise from HVAC,Noise from HVAC request during stay at Contoso P-003.,Low,Completed,,2025-12-24T19:21:00,57,,
SR-0010373,G-0004009,BK-0014094,P-002,2025-10-14T07:39:00,Front Desk,Extra Key Card,Extra Key Card request during stay at Contoso P-002.,High,Completed,,2025-10-14T09:11:00,43,,
SR-0010374,G-0004534,BK-0021137,P-005,2025-04-20T17:42:00,Housekeeping,Housekeeping Turndown,Housekeeping Turndown request during stay at Contoso P-005.,High,Completed,,2025-04-20T19:28:00,75,,1
SR-0010375,G-0005335,BK-0020170,P-003,2025-10-20T16:24:00,Guest Services,Special Occasion Setup,Special Occasion Setup request during stay at Contoso P-003.,Urgent,Cancelled,,,,,
SR-0010376,G-0005367,BK-0021299,P-005,2025-04-06T19:22:00,F&B,Mini Bar Restock,Mini Bar Restock request during stay at Contoso P-005.,Medium,Completed,,2025-04-06T21:22:00,77,,1
SR-0010377,G-0004166,BK-0013604,P-005,2025-03-07T22:04:00,Housekeeping,Deep Clean Request,Deep Clean Request request during stay at Contoso P-005.,High,Completed,,2025-03-07T23:40:00,73,,
SR-0010378,G-0008576,BK-0011804,P-003,2023-06-30T20:51:00,F&B,Coffee Setup,Coffee Setup request during stay at Contoso P-003.,Low,Completed,,2023-06-30T22:11:00,74,,1
SR-0010379,G-0005209,BK-0017263,P-004,2024-03-28T12:03:00,F&B,Special Dietary Request,Special Dietary Request request during stay at Contoso P-004.,Medium,Completed,,2024-03-28T13:21:00,70,,1
SR-0010380,G-0008282,BK-0019481,P-001,2023-10-14T22:59:00,Engineering,Light Bulb Out,Light Bulb Out request during stay at Contoso P-001.,Medium,Completed,,2023-10-15T00:10:00,61,,1
SR-0010381,G-0006193,BK-0014088,P-003,2024-01-14T20:55:00,Housekeeping,Extra Towels,Extra Towels request during stay at Contoso P-003.,Medium,Completed,,2024-01-14T22:20:00,44,,1
SR-0010382,G-0004960,BK-0016624,P-002,2025-10-24T19:37:00,Guest Services,Package Delivery,Package Delivery request during stay at Contoso P-002.,Low,Completed,,2025-10-24T21:51:00,107,,1
SR-0010383,G-0006317,BK-0010304,P-002,2022-08-08T07:01:00,Engineering,TV Not Working,TV Not Working request during stay at Contoso P-002.,High,Completed,,2022-08-08T08:24:00,55,,
SR-0010384,G-0007635,BK-0010356,P-002,2024-04-15T14:05:00,Guest Services,Wake-Up Call,Wake-Up Call request during stay at Contoso P-002.,High,Cancelled,,,,,
SR-0010385,G-0008410,BK-0019489,P-002,2023-09-17T21:38:00,Guest Services,Special Occasion Setup,Special Occasion Setup request during stay at Contoso P-002.,Medium,Completed,,2023-09-17T23:02:00,55,,1
SR-0010386,G-0008640,BK-0021757,P-003,2022-11-15T10:00:00,Guest Services,Wake-Up Call,Wake-Up Call request during stay at Contoso P-003.,Medium,Completed,,2022-11-15T11:11:00,33,,1
SR-0010387,G-0006319,BK-0010340,P-002,2024-02-23T14:50:00,Front Desk,Room Change,Room Change request during stay at Contoso P-002.,Low,Completed,,2024-02-23T16:12:00,37,,1
SR-0010388,G-0004729,BK-0012875,P-003,2024-11-07T14:02:00,Front Desk,Room Change,Room Change request during stay at Contoso P-003.,Medium,Cancelled,,,,,
SR-0010389,G-0007706,BK-0012458,P-003,2025-10-19T10:26:00,Housekeeping,Crib Setup,Crib Setup request during stay at Contoso P-003.,Medium,Completed,,2025-10-19T11:44:00,36,,1
SR-0010390,G-0004065,BK-0019306,P-003,2023-05-22T22:53:00,Engineering,Plumbing Issue,Plumbing Issue request during stay at Contoso P-003.,Urgent,Completed,,2023-05-23T00:03:00,17,,1
SR-0010391,G-0005818,BK-0016937,P-001,2022-06-10T19:20:00,Housekeeping,Crib Setup,Crib Setup request during stay at Contoso P-001.,High,Completed,,2022-06-10T20:55:00,60,,
SR-0010392,G-0004402,BK-0017142,P-004,2024-12-30T13:18:00,Engineering,Safe Not Opening,Safe Not Opening request during stay at Contoso P-004.,Medium,Completed,,2024-12-30T14:14:00,49,,1
SR-0010393,G-0008402,BK-0021277,P-001,2024-04-03T17:32:00,F&B,Special Dietary Request,Special Dietary Request request during stay at Contoso P-001.,Low,InProgress,,,44,,
SR-0010394,G-0008847,BK-0014722,P-002,2022-12-03T13:54:00,Housekeeping,Extra Linens,Extra Linens request during stay at Contoso P-002.,High,InProgress,,,64,,
SR-0010395,G-0008421,BK-0011066,P-002,2023-06-30T21:34:00,Engineering,Plumbing Issue,Plumbing Issue request during stay at Contoso P-002.,Medium,InProgress,,,31,,
SR-0010396,G-0005319,BK-0020589,P-003,2022-09-19T15:06:00,Front Desk,Extra Key Card,Extra Key Card request during stay at Contoso P-003.,High,Completed,,2022-09-19T16:28:00,72,,1
SR-0010397,G-0004881,BK-0015028,P-002,2025-08-31T15:23:00,Engineering,Noise from HVAC,Noise from HVAC request during stay at Contoso P-002.,Low,Completed,,2025-08-31T16:07:00,30,,1
SR-0010398,G-0006568,BK-0016977,P-002,2022-03-22T20:15:00,F&B,In-Room Dining Order,In-Room Dining Order request during stay at Contoso P-002.,Low,Completed,,2022-03-22T21:18:00,47,,1
SR-0010399,G-0008740,BK-0010508,P-001,2025-11-22T11:34:00,Housekeeping,Housekeeping Turndown,Housekeeping Turndown request during stay at Contoso P-001.,High,Completed,,2025-11-22T12:16:00,22,,1
SR-0010400,G-0008905,BK-0021560,P-002,2023-04-17T11:25:00,F&B,Mini Bar Restock,Mini Bar Restock request during stay at Contoso P-002.,High,Cancelled,,,,,
SR-0010401,G-0004729,BK-0011036,P-002,2022-04-21T18:33:00,F&B,Special Dietary Request,Special Dietary Request request during stay at Contoso P-002.,Medium,Completed,,2022-04-21T19:42:00,32,,1
SR-0010402,G-0004998,BK-0010385,P-002,2023-05-30T18:31:00,Housekeeping,Extra Towels,Extra Towels request during stay at Contoso P-002.,High,Completed,,2023-05-30T19:54:00,57,,1
SR-0010403,G-0007617,BK-0019990,P-003,2024-06-22T19:40:00,Engineering,AC Issue,AC Issue request during stay at Contoso P-003.,Low,Completed,,2024-06-22T21:41:00,93,,1
SR-0010404,G-0005326,BK-0015192,P-003,2022-08-07T19:17:00,Housekeeping,Extra Pillows,Extra Pillows request during stay at Contoso P-003.,Medium,Completed,,2022-08-07T20:25:00,20,,1
SR-0010405,G-0006540,BK-0013054,P-003,2025-01-12T19:48:00,F&B,Coffee Setup,Coffee Setup request during stay at Contoso P-003.,Medium,Completed,,2025-01-12T20:42:00,27,,1
SR-0010406,G-0006683,BK-0020715,P-005,2024-06-30T08:37:00,Front Desk,Late Checkout,Late Checkout request during stay at Contoso P-005.,Low,InProgress,,,66,,
SR-0010407,G-0008700,BK-0018581,P-003,2025-11-24T18:46:00,F&B,Mini Bar Restock,Mini Bar Restock request during stay at Contoso P-003.,Low,Cancelled,,,,,
SR-0010408,G-0007575,BK-0013514,P-002,2022-10-19T08:49:00,Front Desk,Extra Key Card,Extra Key Card request during stay at Contoso P-002.,Urgent,InProgress,,,5,,
SR-0010409,G-0004041,BK-0015759,P-003,2025-05-30T11:37:00,Front Desk,Early Check-In,Early Check-In request during stay at Contoso P-003.,Medium,InProgress,,,85,,
SR-0010410,G-0007300,BK-0016323,P-001,2023-09-17T11:58:00,Housekeeping,Extra Pillows,Extra Pillows request during stay at Contoso P-001.,Urgent,Cancelled,,,,,
SR-0010411,G-0004201,BK-0019668,P-001,2022-03-31T20:19:00,Housekeeping,Housekeeping Turndown,Housekeeping Turndown request during stay at Contoso P-001.,Medium,Completed,,2022-03-31T21:41:00,55,,1
SR-0010412,G-0005593,BK-0014698,P-002,2022-12-28T08:37:00,Guest Services,Concierge Booking,Concierge Booking request during stay at Contoso P-002.,Medium,Completed,,2022-12-28T10:52:00,76,,1
SR-0010413,G-0006698,BK-0013569,P-002,2024-01-10T08:16:00,Housekeeping,Extra Towels,Extra Towels request during stay at Contoso P-002.,Medium,InProgress,,,38,,
SR-0010414,G-0005499,BK-0018851,P-003,2025-09-03T20:10:00,Housekeeping,Deep Clean Request,Deep Clean Request request during stay at Contoso P-003.,High,Cancelled,,,,,
SR-0010415,G-0008657,BK-0017008,P-001,2022-05-14T15:04:00,Housekeeping,Housekeeping Turndown,Housekeeping Turndown request during stay at Contoso P-001.,Medium,Completed,,2022-05-14T16:41:00,45,,1
SR-0010416,G-0007453,BK-0011576,P-003,2025-05-16T07:19:00,Housekeeping,Crib Setup,Crib Setup request during stay at Contoso P-003.,Medium,Completed,,2025-05-16T09:20:00,66,,1
SR-0010417,G-0007042,BK-0013992,P-003,2024-07-01T15:01:00,F&B,Mini Bar Restock,Mini Bar Restock request during stay at Contoso P-003.,High,Completed,,2024-07-01T17:07:00,71,,1
SR-0010418,G-0006948,BK-0018373,P-005,2023-11-19T14:56:00,Housekeeping,Housekeeping Turndown,Housekeeping Turndown request during stay at Contoso P-005.,Urgent,InProgress,,,23,,
SR-0010419,G-0008188,BK-0015910,P-005,2022-09-10T17:09:00,Housekeeping,Crib Setup,Crib Setup request during stay at Contoso P-005.,Medium,Cancelled,,,,,
SR-0010420,G-0004870,BK-0013955,P-003,2022-04-07T19:22:00,Engineering,Light Bulb Out,Light Bulb Out request during stay at Contoso P-003.,High,Completed,,2022-04-07T20:40:00,45,,1
SR-0010421,G-0007475,BK-0021868,P-004,2024-03-27T11:30:00,Engineering,Safe Not Opening,Safe Not Opening request during stay at Contoso P-004.,Low,Cancelled,,,,,
SR-0010422,G-0006458,BK-0012369,P-003,2023-10-05T19:00:00,Housekeeping,Deep Clean Request,Deep Clean Request request during stay at Contoso P-003.,Medium,Completed,,2023-10-05T20:38:00,55,,
SR-0010423,G-0008834,BK-0014327,P-001,2025-02-12T10:35:00,Engineering,Safe Not Opening,Safe Not Opening request during stay at Contoso P-001.,Medium,Completed,,2025-02-12T12:03:00,63,,1
SR-0010424,G-0004867,BK-0017406,P-003,2023-12-05T13:54:00,Engineering,Light Bulb Out,Light Bulb Out request during stay at Contoso P-003.,Urgent,InProgress,,,38,,
SR-0010425,G-0004876,BK-0020638,P-003,2025-11-04T20:32:00,Guest Services,Transportation Request,Transportation Request request during stay at Contoso P-003.,Medium,Completed,,2025-11-04T22:17:00,64,,1
SR-0010426,G-0007735,BK-0012982,P-003,2025-09-24T09:46:00,Engineering,Light Bulb Out,Light Bulb Out request during stay at Contoso P-003.,Medium,Completed,,2025-09-24T10:51:00,56,,1
SR-0010427,G-0007709,BK-0010262,P-003,2024-03-15T10:49:00,Engineering,Safe Not Opening,Safe Not Opening request during stay at Contoso P-003.,Urgent,Completed,,2024-03-15T11:43:00,9,,1
SR-0010428,G-0008291,BK-0013133,P-001,2026-02-20T10:00:00,Housekeeping,Extra Linens,Extra Linens request during stay at Contoso P-001.,High,Completed,,2026-02-20T11:28:00,50,,1
SR-0010429,G-0007015,BK-0014417,P-001,2025-07-17T08:01:00,Guest Services,Special Occasion Setup,Special Occasion Setup request during stay at Contoso P-001.,Medium,InProgress,,,49,,
SR-0010430,G-0004110,BK-0011645,P-002,2025-06-16T22:35:00,F&B,Special Dietary Request,Special Dietary Request request during stay at Contoso P-002.,Medium,Cancelled,,,,,
SR-0010431,G-0008996,BK-0015587,P-002,2024-04-30T16:55:00,Housekeeping,Extra Towels,Extra Towels request during stay at Contoso P-002.,Low,Completed,,2024-04-30T18:00:00,41,,1
SR-0010432,G-0006052,BK-0019318,P-003,2026-01-28T15:38:00,Housekeeping,Crib Setup,Crib Setup request during stay at Contoso P-003.,Low,Completed,,2026-01-28T16:56:00,47,,1
SR-0010433,G-0008756,BK-0014186,P-004,2025-10-13T16:34:00,F&B,Coffee Setup,Coffee Setup request during stay at Contoso P-004.,Medium,Cancelled,,,,,
SR-0010434,G-0006444,BK-0015750,P-003,2022-03-17T09:51:00,Housekeeping,Extra Towels,Extra Towels request during stay at Contoso P-003.,Low,Cancelled,,,,,
SR-0010435,G-0004940,BK-0014195,P-003,2022-09-21T16:18:00,F&B,Coffee Setup,Coffee Setup request during stay at Contoso P-003.,Low,Cancelled,,,,,
SR-0010436,G-0004163,BK-0017707,P-001,2025-02-24T19:27:00,Housekeeping,Extra Towels,Extra Towels request during stay at Contoso P-001.,Medium,InProgress,,,55,,
SR-0010437,G-0005728,BK-0014285,P-003,2024-02-04T15:02:00,Front Desk,Late Checkout,Late Checkout request during stay at Contoso P-003.,Low,InProgress,,,60,,
SR-0010438,G-0007983,BK-0011993,P-002,2023-08-26T10:17:00,Housekeeping,Extra Pillows,Extra Pillows request during stay at Contoso P-002.,Medium,Completed,,2023-08-26T10:56:00,31,,
SR-0010439,G-0006563,BK-0013722,P-005,2024-10-04T19:52:00,F&B,Room Service,Room Service request during stay at Contoso P-005.,Low,Completed,,2024-10-04T21:17:00,37,,1
SR-0010440,G-0008681,BK-0015749,P-003,2025-02-07T17:39:00,Front Desk,Extra Key Card,Extra Key Card request during stay at Contoso P-003.,Medium,InProgress,,,70,,
SR-0010441,G-0006246,BK-0020736,P-003,2023-07-18T16:40:00,Housekeeping,Extra Pillows,Extra Pillows request during stay at Contoso P-003.,High,Completed,,2023-07-18T17:41:00,54,,1
SR-0010442,G-0006940,BK-0021895,P-002,2024-12-25T12:53:00,Housekeeping,Extra Towels,Extra Towels request during stay at Contoso P-002.,High,Completed,,2024-12-25T13:32:00,23,,1
SR-0010443,G-0004760,BK-0011274,P-003,2022-08-21T18:06:00,Front Desk,Extra Key Card,Extra Key Card request during stay at Contoso P-003.,Medium,Completed,,2022-08-21T19:52:00,81,,1
SR-0010444,G-0006638,BK-0016865,P-002,2023-02-27T07:09:00,Guest Services,Concierge Booking,Concierge Booking request during stay at Contoso P-002.,Low,InProgress,,,53,,
SR-0010445,G-0004851,BK-0020740,P-004,2023-08-17T19:27:00,Engineering,TV Not Working,TV Not Working request during stay at Contoso P-004.,High,Completed,,2023-08-17T20:39:00,21,,1
SR-0010446,G-0004118,BK-0014270,P-001,2025-12-17T20:31:00,F&B,Room Service,Room Service request during stay at Contoso P-001.,Low,Cancelled,,,,,
SR-0010447,G-0005427,BK-0018652,P-004,2022-04-19T15:31:00,Engineering,Plumbing Issue,Plumbing Issue request during stay at Contoso P-004.,High,InProgress,,,17,,
SR-0010448,G-0005579,BK-0013273,P-005,2024-10-01T21:37:00,Guest Services,Package Delivery,Package Delivery request during stay at Contoso P-005.,Medium,Completed,,2024-10-01T22:28:00,36,,1
SR-0010449,G-0005261,BK-0011400,P-001,2022-05-21T16:33:00,Front Desk,Early Check-In,Early Check-In request during stay at Contoso P-001.,Low,Completed,,2022-05-21T18:26:00,55,,1
SR-0010450,G-0004777,BK-0013019,P-005,2024-08-11T17:52:00,Housekeeping,Extra Linens,Extra Linens request during stay at Contoso P-005.,Low,Completed,,2024-08-11T19:09:00,68,,1
SR-0010451,G-0004416,BK-0020098,P-002,2024-01-13T12:05:00,Housekeeping,Extra Towels,Extra Towels request during stay at Contoso P-002.,Medium,InProgress,,,80,,
SR-0010452,G-0008901,BK-0020226,P-002,2023-05-14T09:47:00,F&B,Coffee Setup,Coffee Setup request during stay at Contoso P-002.,Low,Completed,,2023-05-14T11:47:00,66,,1
SR-0010453,G-0008748,BK-0018368,P-002,2023-06-04T07:05:00,Housekeeping,Crib Setup,Crib Setup request during stay at Contoso P-002.,High,Completed,,2023-06-04T07:47:00,15,,1
SR-0010454,G-0004815,BK-0013503,P-002,2022-12-14T11:05:00,Guest Services,Transportation Request,Transportation Request request during stay at Contoso P-002.,Low,Completed,,2022-12-14T12:37:00,82,,1
SR-0010455,G-0006404,BK-0011283,P-003,2022-06-21T17:33:00,F&B,Special Dietary Request,Special Dietary Request request during stay at Contoso P-003.,Medium,Completed,,2022-06-21T19:33:00,90,,1
SR-0010456,G-0006933,BK-0015324,P-003,2025-04-13T10:07:00,Guest Services,Package Delivery,Package Delivery request during stay at Contoso P-003.,Low,Cancelled,,,,,
SR-0010457,G-0007143,BK-0016897,P-003,2024-08-22T08:18:00,Guest Services,Wake-Up Call,Wake-Up Call request during stay at Contoso P-003.,High,Cancelled,,,,,
SR-0010458,G-0007380,BK-0021121,P-003,2025-10-01T22:17:00,Engineering,AC Issue,AC Issue request during stay at Contoso P-003.,Medium,Completed,,2025-10-02T00:10:00,81,,1
SR-0010459,G-0004020,BK-0021894,P-003,2025-01-04T15:52:00,Guest Services,Special Occasion Setup,Special Occasion Setup request during stay at Contoso P-003.,Medium,Completed,,2025-01-04T17:08:00,46,,1
SR-0010460,G-0008106,BK-0018960,P-001,2025-08-21T11:12:00,Guest Services,Special Occasion Setup,Special Occasion Setup request during stay at Contoso P-001.,Low,InProgress,,,34,,
SR-0010461,G-0004395,BK-0014977,P-005,2025-09-13T22:21:00,Guest Services,Package Delivery,Package Delivery request during stay at Contoso P-005.,Medium,Cancelled,,,,,
SR-0010462,G-0008304,BK-0020374,P-002,2023-01-21T14:27:00,Front Desk,Room Change,Room Change request during stay at Contoso P-002.,Low,Completed,,2023-01-21T16:05:00,54,,1
SR-0010463,G-0004765,BK-0021888,P-002,2024-12-19T21:59:00,Housekeeping,Deep Clean Request,Deep Clean Request request during stay at Contoso P-002.,Medium,Completed,,2024-12-19T23:14:00,27,,1
SR-0010464,G-0008335,BK-0014350,P-005,2025-07-03T19:42:00,F&B,Room Service,Room Service request during stay at Contoso P-005.,Low,Completed,,2025-07-03T21:49:00,68,,1
SR-0010465,G-0004557,BK-0016609,P-001,2024-12-08T10:38:00,Engineering,Noise from HVAC,Noise from HVAC request during stay at Contoso P-001.,High,Completed,,2024-12-08T12:29:00,60,,1
SR-0010466,G-0007277,BK-0013969,P-003,2023-11-18T16:24:00,Guest Services,Wake-Up Call,Wake-Up Call request during stay at Contoso P-003.,Medium,Completed,,2023-11-18T17:31:00,58,,1
SR-0010467,G-0004869,BK-0018034,P-003,2022-09-10T21:45:00,Engineering,Noise from HVAC,Noise from HVAC request during stay at Contoso P-003.,High,Completed,,2022-09-10T22:31:00,20,,1
SR-0010468,G-0007699,BK-0011663,P-002,2025-07-30T09:13:00,Engineering,TV Not Working,TV Not Working request during stay at Contoso P-002.,High,Cancelled,,,,,
SR-0010469,G-0007385,BK-0020539,P-003,2024-05-30T21:54:00,Front Desk,Extra Key Card,Extra Key Card request during stay at Contoso P-003.,Medium,InProgress,,,73,,
SR-0010470,G-0007610,BK-0017538,P-002,2023-08-14T12:34:00,Front Desk,Room Change,Room Change request during stay at Contoso P-002.,Urgent,Cancelled,,,,,
SR-0010471,G-0006755,BK-0012986,P-003,2024-09-28T18:47:00,F&B,Coffee Setup,Coffee Setup request during stay at Contoso P-003.,High,Completed,,2024-09-28T20:33:00,79,,1
SR-0010472,G-0004997,BK-0016824,P-002,2024-02-26T14:12:00,Housekeeping,Deep Clean Request,Deep Clean Request request during stay at Contoso P-002.,Medium,Completed,,2024-02-26T15:33:00,59,,1
SR-0010473,G-0004649,BK-0017663,P-003,2023-10-31T19:16:00,Front Desk,Late Checkout,Late Checkout request during stay at Contoso P-003.,Low,Completed,,2023-10-31T21:12:00,65,,
SR-0010474,G-0004507,BK-0019888,P-004,2024-07-15T20:59:00,F&B,Room Service,Room Service request during stay at Contoso P-004.,Medium,Cancelled,,,,,
SR-0010475,G-0006343,BK-0015097,P-001,2025-05-01T13:07:00,Engineering,TV Not Working,TV Not Working request during stay at Contoso P-001.,High,Completed,,2025-05-01T13:47:00,25,,1
SR-0010476,G-0004769,BK-0016077,P-005,2022-12-22T21:45:00,Housekeeping,Deep Clean Request,Deep Clean Request request during stay at Contoso P-005.,Low,Completed,,2022-12-22T23:37:00,59,,1
SR-0010477,G-0007679,BK-0015865,P-004,2022-08-25T11:54:00,Engineering,Light Bulb Out,Light Bulb Out request during stay at Contoso P-004.,Medium,Completed,,2022-08-25T13:12:00,68,,1
SR-0010478,G-0005564,BK-0010358,P-002,2023-02-22T20:36:00,Engineering,Light Bulb Out,Light Bulb Out request during stay at Contoso P-002.,Medium,Completed,,2023-02-22T21:51:00,42,,1
SR-0010479,G-0004356,BK-0016694,P-003,2024-04-06T09:55:00,Housekeeping,Extra Linens,Extra Linens request during stay at Contoso P-003.,Medium,InProgress,,,44,,
SR-0010480,G-0005865,BK-0014907,P-003,2025-11-23T18:45:00,F&B,Coffee Setup,Coffee Setup request during stay at Contoso P-003.,Medium,Completed,,2025-11-23T19:13:00,20,,1
SR-0010481,G-0005295,BK-0021337,P-003,2024-03-01T19:18:00,Engineering,Plumbing Issue,Plumbing Issue request during stay at Contoso P-003.,Medium,Completed,,2024-03-01T21:15:00,79,,
SR-0010482,G-0008381,BK-0014712,P-003,2025-06-23T15:47:00,Housekeeping,Deep Clean Request,Deep Clean Request request during stay at Contoso P-003.,Medium,InProgress,,,33,,
SR-0010483,G-0006944,BK-0015859,P-005,2023-04-20T07:36:00,Housekeeping,Housekeeping Turndown,Housekeeping Turndown request during stay at Contoso P-005.,Low,Completed,,2023-04-20T09:27:00,100,,1
SR-0010484,G-0005556,BK-0010146,P-002,2022-06-12T16:37:00,F&B,In-Room Dining Order,In-Room Dining Order request during stay at Contoso P-002.,High,Cancelled,,,,,
SR-0010485,G-0008729,BK-0014258,P-003,2025-05-14T07:12:00,F&B,Coffee Setup,Coffee Setup request during stay at Contoso P-003.,Medium,Completed,,2025-05-14T08:59:00,50,,1
SR-0010486,G-0006199,BK-0014921,P-003,2025-12-10T12:14:00,F&B,Special Dietary Request,Special Dietary Request request during stay at Contoso P-003.,Urgent,Completed,,2025-12-10T13:36:00,37,,1
SR-0010487,G-0007473,BK-0013800,P-005,2024-08-27T17:02:00,Housekeeping,Extra Linens,Extra Linens request during stay at Contoso P-005.,Low,Completed,,2024-08-27T18:44:00,53,,
SR-0010488,G-0008613,BK-0010038,P-001,2025-12-29T10:54:00,Guest Services,Wake-Up Call,Wake-Up Call request during stay at Contoso P-001.,Low,Completed,,2025-12-29T13:21:00,111,,1
SR-0010489,G-0006226,BK-0011180,P-002,2025-09-08T12:38:00,Front Desk,Extra Key Card,Extra Key Card request during stay at Contoso P-002.,Low,InProgress,,,55,,
SR-0010490,G-0004426,BK-0010094,P-003,2024-12-05T09:56:00,Housekeeping,Extra Towels,Extra Towels request during stay at Contoso P-003.,Urgent,Completed,,2024-12-05T10:09:00,6,,1
SR-0010491,G-0008893,BK-0014937,P-004,2024-12-09T11:59:00,Housekeeping,Crib Setup,Crib Setup request during stay at Contoso P-004.,Urgent,Completed,,2024-12-09T12:55:00,24,,1
SR-0010492,G-0007267,BK-0021340,P-003,2022-06-11T20:00:00,Guest Services,Transportation Request,Transportation Request request during stay at Contoso P-003.,Low,InProgress,,,109,,
SR-0010493,G-0006281,BK-0020012,P-002,2022-12-17T17:47:00,Engineering,AC Issue,AC Issue request during stay at Contoso P-002.,Low,Cancelled,,,,,
SR-0010494,G-0004996,BK-0014650,P-003,2023-10-23T10:06:00,Housekeeping,Housekeeping Turndown,Housekeeping Turndown request during stay at Contoso P-003.,High,Completed,,2023-10-23T11:27:00,41,,
SR-0010495,G-0007596,BK-0021120,P-004,2023-09-16T20:30:00,Housekeeping,Crib Setup,Crib Setup request during stay at Contoso P-004.,Urgent,InProgress,,,28,,
SR-0010496,G-0004726,BK-0019273,P-004,2022-12-30T22:15:00,Housekeeping,Crib Setup,Crib Setup request during stay at Contoso P-004.,Low,InProgress,,,57,,
SR-0010497,G-0005310,BK-0016233,P-002,2023-11-03T10:16:00,Housekeeping,Deep Clean Request,Deep Clean Request request during stay at Contoso P-002.,High,InProgress,,,60,,
SR-0010498,G-0004581,BK-0017494,P-003,2025-08-27T10:16:00,Housekeeping,Extra Pillows,Extra Pillows request during stay at Contoso P-003.,High,Cancelled,,,,,
SR-0010499,G-0008676,BK-0017726,P-002,2023-01-18T09:06:00,Housekeeping,Crib Setup,Crib Setup request during stay at Contoso P-002.,Low,Completed,,2023-01-18T10:10:00,43,,1
